S/N,HOSTEL NAME,ROOM TYPE,PRICE (GHS),DISTANCE FROM CAMPUS(min walk to Campus),WATER,WIFI,SECURITY,TV ROOM,STUDY ROOM
1,HAPPY FAMILY,4 in 1,2600,9,Yes,Yes,No,Yes,Yes
1,HAPPY FAMILY,3 in 1,5900,9,Yes,Yes,No,Yes,Yes
1,HAPPY FAMILY,2 in 1,7400,9,Yes,Yes,No,Yes,Yes
2,ABC HOSTEL,4 in 1,3800,11,No,No,No,No,No
2,ABC HOSTEL,2 in 1,6200,11,No,No,No,No,No
3,NANA ADOMA MAIN HOSTEL,4 in 1,2800,3,Yes,No,No,Yes,Yes
3,NANA ADOMA MAIN HOSTEL,3 in 1,6800,3,Yes,No,No,Yes,Yes
3,NANA ADOMA MAIN HOSTEL,2 in 1,8300,3,Yes,No,No,Yes,Yes
4,FORDJOUR MEMORIAL,4 in 1,4000,14,Yes,No,No,No,No
4,FORDJOUR MEMORIAL,3 in 1,5500,14,Yes,No,No,No,No
4,FORDJOUR MEMORIAL,2 in 1,6900,14,Yes,No,No,No,No
4,FORDJOUR MEMORIAL,1 in 1,8200,14,Yes,No,No,No,No
5,WHITE HOUSE HOSTEL,4 in 1,5200,5,Yes,Yes,No,No,Yes
5,WHITE HOUSE HOSTEL,3 in 1,7200,5,Yes,Yes,No,No,Yes
5,WHITE HOUSE HOSTEL,2 in 1,8700,5,Yes,Yes,No,No,Yes
5,WHITE HOUSE HOSTEL,1 in 1,9400,5,Yes,Yes,No,No,Yes
6,AMANDAH HOSTEL,4 in 1,5800,6,Yes,Yes,Yes,No,Yes
6,AMANDAH HOSTEL,3 in 1,7300,6,Yes,Yes,Yes,No,Yes
7,SHALOM KIBUTZ HOSTEL,3 in 1,3500,6,No,No,Yes,No,No
7,SHALOM KIBUTZ HOSTEL,2 in 1,5400,6,No,No,Yes,No,No
8,P3 HOSTEL,4 in 1,6200,8,Yes,No,Yes,No,Yes
8,P3 HOSTEL,3 in 1,7100,8,Yes,No,Yes,No,Yes
9,ADOM BI,3 in 1,4600,8,Yes,Yes,No,Yes,No
9,ADOM BI,2 in 1,6500,8,Yes,Yes,No,Yes,No
9,ADOM BI,1 in 1,7800,8,Yes,Yes,No,Yes,No
10,UNIQUE HOSTEL,4 in 1,4400,10,Yes,No,Yes,No,Yes
10,UNIQUE HOSTEL,3 in 1,6700,10,Yes,No,Yes,No,Yes
10,UNIQUE HOSTEL,2 in 1,7200,10,Yes,No,Yes,No,Yes
11,FRED MARK,4 in 1,3800,11,Yes,No,Yes,Yes,Yes
11,FRED MARK,3 in 1,6100,11,Yes,No,Yes,Yes,Yes
11,FRED MARK,2 in 1,7500,11,Yes,No,Yes,Yes,Yes
11,FRED MARK,1 in 1,8900,11,Yes,No,Yes,Yes,Yes
12,PENIEL,4 in 1,4000,10,Yes,No,Yes,Yes,Yes
12,PENIEL,3 in 1,6600,10,Yes,No,Yes,Yes,Yes
12,PENIEL,2 in 1,8100,10,Yes,No,Yes,Yes,Yes
13,FRANCO MAIN,3 in 1,8100,8,No,Yes,Yes,Yes,No
13,FRANCO MAIN,2 in 1,8300,8,No,Yes,Yes,Yes,No
14,FRANCO ANNEX,4 in 1,3700,10,Yes,Yes,No,Yes,Yes
14,FRANCO ANNEX,3 in 1,5800,10,Yes,Yes,No,Yes,Yes
14,FRANCO ANNEX,2 in 1,7900,10,Yes,Yes,No,Yes,Yes
14,FRANCO ANNEX,1 in 1,9300,10,Yes,Yes,No,Yes,Yes
15,NO WEAPON ANNEX,4 in 1,4000,9,Yes,Yes,No,Yes,No
15,NO WEAPON ANNEX,3 in 1,6200,9,Yes,Yes,No,Yes,No
15,NO WEAPON ANNEX,2 in 1,7400,9,Yes,Yes,No,Yes,No
15,NO WEAPON ANNEX,1 in 1,9100,9,Yes,Yes,No,Yes,No
16,EBENEZER,4 in 1,4200,9,No,Yes,Yes,Yes,No
16,EBENEZER,2 in 1,7200,9,No,Yes,Yes,Yes,No
17,JALEX,3 in 1,7400,8,No,No,Yes,Yes,Yes
17,JALEX,2 in 1,8500,8,No,No,Yes,Yes,Yes
18,PROVIDENCE,4 in 1,5000,13,No,Yes,Yes,No,No
18,PROVIDENCE,3 in 1,5800,13,No,Yes,Yes,No,No
18,PROVIDENCE,2 in 1,7000,13,No,Yes,Yes,No,No
18,PROVIDENCE,1 in 1,7600,13,No,Yes,Yes,No,No
19,CANAM HALL,3 in 1,8200,11,Yes,No,Yes,Yes,Yes
19,CANAM HALL,2 in 1,8600,11,Yes,No,Yes,Yes,Yes
20,CANAM PREMIUM,4 in 1,5200,12,Yes,Yes,Yes,Yes,Yes
20,CANAM PREMIUM,3 in 1,8000,12,Yes,Yes,Yes,Yes,Yes
20,CANAM PREMIUM,2 in 1,8400,12,Yes,Yes,Yes,Yes,Yes
21,OBRONII NANA,4 in 1,5000,14,Yes,Yes,Yes,No,Yes
21,OBRONII NANA,2 in 1,7500,14,Yes,Yes,Yes,No,Yes
22,LONG ISLAND,4 in 1,6400,11,No,Yes,Yes,Yes,Yes
22,LONG ISLAND,3 in 1,8400,11,No,Yes,Yes,Yes,Yes
23,ORAZIN HOSTEL,4 in 1,7200,5,Yes,Yes,No,Yes,Yes
23,ORAZIN HOSTEL,2 in 1,9200,5,Yes,Yes,No,Yes,Yes
24,MASS HOSTEL,4 in 1,3300,13,Yes,No,No,No,Yes
24,MASS HOSTEL,3 in 1,5800,13,Yes,No,No,No,Yes
24,MASS HOSTEL,2 in 1,6800,13,Yes,No,No,No,Yes
24,MASS HOSTEL,1 in 1,7600,13,Yes,No,No,No,Yes
25,FRONTLINE COURT,3 in 1,4300,9,No,No,No,No,No
25,FRONTLINE COURT,2 in 1,6200,9,No,No,No,No,No
26,ANAROSA,4 in 1,5600,10,No,Yes,Yes,Yes,Yes
26,ANAROSA,3 in 1,7100,10,No,Yes,Yes,Yes,Yes
26,ANAROSA,2 in 1,7800,10,No,Yes,Yes,Yes,Yes
26,ANAROSA,1 in 1,9000,10,No,Yes,Yes,Yes,Yes
27,DEVALYPA HOSTEL,2 in 1,5400,11,No,Yes,Yes,No,No
27,DEVALYPA HOSTEL,1 in 1,6800,11,No,Yes,Yes,No,No
28,BESCO,3 in 1,6000,11,Yes,Yes,No,No,No
28,BESCO,2 in 1,8200,11,Yes,Yes,No,No,No
28,BESCO,1 in 1,8500,11,Yes,Yes,No,No,No
29,RICHCO,3 in 1,7500,15,Yes,Yes,No,No,No
29,RICHCO,2 in 1,8500,15,Yes,Yes,No,No,No
30,FLINT HOSTEL,4 in 1,5800,12,Yes,Yes,No,No,Yes
30,FLINT HOSTEL,3 in 1,7200,12,Yes,Yes,No,No,Yes
31,BOBISCH HOSTEL,3 in 1,4800,14,No,Yes,Yes,No,No
31,BOBISCH HOSTEL,2 in 1,7400,14,No,Yes,Yes,No,No
31,BOBISCH HOSTEL,1 in 1,7800,14,No,Yes,Yes,No,No
32,PREMIER TOWER PALACE ( PTP ),4 in 1,4400,55,Yes,No,Yes,Yes,No
32,PREMIER TOWER PALACE ( PTP ),3 in 1,5300,55,Yes,No,Yes,Yes,No
32,PREMIER TOWER PALACE ( PTP ),2 in 1,5400,55,Yes,No,Yes,Yes,No
32,PREMIER TOWER PALACE ( PTP ),1 in 1,8600,55,Yes,No,Yes,Yes,No
33,HALLOWED,4 in 1,3800,13,No,Yes,Yes,No,No
33,HALLOWED,3 in 1,8200,13,No,Yes,Yes,No,No
34,FRANCO HOSTEL NEW,4 in 1,7200,15,Yes,Yes,Yes,Yes,No
34,FRANCO HOSTEL NEW,3 in 1,8400,15,Yes,Yes,Yes,Yes,No
35,SOMPA,2 in 1,6500,14,Yes,No,Yes,Yes,No
35,SOMPA,1 in 1,8200,14,Yes,No,Yes,Yes,No
36,CELIA ROYAL ANNEX,4 in 1,4600,20,No,No,Yes,No,No
36,CELIA ROYAL ANNEX,3 in 1,6400,20,No,No,Yes,No,No
36,CELIA ROYAL ANNEX,2 in 1,7900,20,No,No,Yes,No,No
36,CELIA ROYAL ANNEX,1 in 1,9200,20,No,No,Yes,No,No
37,CELIA ROYAL MAIN,4 in 1,4400,21,Yes,Yes,No,Yes,Yes
37,CELIA ROYAL MAIN,3 in 1,5400,21,Yes,Yes,No,Yes,Yes
37,CELIA ROYAL MAIN,2 in 1,7100,21,Yes,Yes,No,Yes,Yes
37,CELIA ROYAL MAIN,1 in 1,7800,21,Yes,Yes,No,Yes,Yes
38,THY WILL BE DONE,2 in 1,3800,14,Yes,Yes,Yes,No,Yes
38,THY WILL BE DONE,1 in 1,6800,14,Yes,Yes,Yes,No,Yes
39,ORANGE HOSTEL,3 in 1,4800,75,No,Yes,No,No,No
39,ORANGE HOSTEL,2 in 1,7600,75,No,Yes,No,No,No
39,ORANGE HOSTEL,1 in 1,8600,75,No,Yes,No,No,No
40,CEPOS HOSTEL,3 in 1,7600,75,Yes,Yes,Yes,No,Yes
40,CEPOS HOSTEL,2 in 1,8800,75,Yes,Yes,Yes,No,Yes
41,PRESTIGE HOSTEL,4 in 1,5000,45,Yes,No,No,No,No
41,PRESTIGE HOSTEL,2 in 1,7300,45,Yes,No,No,No,No
42,THE BEST HOSTEL,3 in 1,3400,30,Yes,No,No,Yes,No
42,THE BEST HOSTEL,2 in 1,7800,30,Yes,No,No,Yes,No
42,THE BEST HOSTEL,1 in 1,8000,30,Yes,No,No,Yes,No
43,SUNSHINE HOSTEL,4 in 1,3200,40,Yes,Yes,No,No,Yes
43,SUNSHINE HOSTEL,3 in 1,4800,40,Yes,Yes,No,No,Yes
43,SUNSHINE HOSTEL,2 in 1,7200,40,Yes,Yes,No,No,Yes
43,SUNSHINE HOSTEL,1 in 1,8000,40,Yes,Yes,No,No,Yes
44,KWAKYEWAA,3 in 1,4000,50,Yes,No,No,No,No
44,KWAKYEWAA,2 in 1,6200,50,Yes,No,No,No,No
45,NO WEAPON (MAIN),4 in 1,4200,50,Yes,Yes,Yes,Yes,Yes
45,NO WEAPON (MAIN),2 in 1,8400,50,Yes,Yes,Yes,Yes,Yes
46,EUNIVIC,4 in 1,4000,45,No,No,No,Yes,No
46,EUNIVIC,3 in 1,7700,45,No,No,No,Yes,No
46,EUNIVIC,2 in 1,8200,45,No,No,No,Yes,No
47,NYAME MIREKU PLAZA,3 in 1,5200,15,No,No,Yes,No,No
47,NYAME MIREKU PLAZA,2 in 1,7700,15,No,No,Yes,No,No
47,NYAME MIREKU PLAZA,1 in 1,9000,15,No,No,Yes,No,No
48,ELITE,3 in 1,6200,40,Yes,Yes,No,No,No
48,ELITE,2 in 1,7900,40,Yes,Yes,No,No,No
48,ELITE,1 in 1,8600,40,Yes,Yes,No,No,No
49,HYDES HOSTEL,4 in 1,5800,15,Yes,No,No,Yes,No
49,HYDES HOSTEL,3 in 1,8200,15,Yes,No,No,Yes,No
50,DELISA (MAIN),4 in 1,7000,10,Yes,Yes,Yes,No,Yes
50,DELISA (MAIN),2 in 1,7700,10,Yes,Yes,Yes,No,Yes
51,MANCHESTER,4 in 1,5000,15,Yes,No,Yes,Yes,No
51,MANCHESTER,3 in 1,7400,15,Yes,No,Yes,Yes,No
51,MANCHESTER,2 in 1,7600,15,Yes,No,Yes,Yes,No
51,MANCHESTER,1 in 1,8200,15,Yes,No,Yes,Yes,No
52,AMEN HOSTEL APARTMENT,4 in 1,3900,60,Yes,No,Yes,Yes,No
52,AMEN HOSTEL APARTMENT,2 in 1,6000,60,Yes,No,Yes,Yes,No
53,PARADISE HOSTEL,4 in 1,3200,8,Yes,No,Yes,Yes,Yes
53,PARADISE HOSTEL,3 in 1,6000,8,Yes,No,Yes,Yes,Yes
53,PARADISE HOSTEL,2 in 1,8100,8,Yes,No,Yes,Yes,Yes
53,PARADISE HOSTEL,1 in 1,8500,8,Yes,No,Yes,Yes,Yes
54,WAGYINGO,4 in 1,2800,7,Yes,Yes,No,No,No
54,WAGYINGO,2 in 1,4300,7,Yes,Yes,No,No,No
55,SHEPHERDS VILLE HOSTEL,4 in 1,3200,11,Yes,No,No,Yes,No
55,SHEPHERDS VILLE HOSTEL,3 in 1,4200,11,Yes,No,No,Yes,No
55,SHEPHERDS VILLE HOSTEL,2 in 1,6200,11,Yes,No,No,Yes,No
55,SHEPHERDS VILLE HOSTEL,1 in 1,7400,11,Yes,No,No,Yes,No
56,AGYA APPIAH HOSTEL,4 in 1,6000,9,Yes,No,Yes,Yes,Yes
56,AGYA APPIAH HOSTEL,3 in 1,6800,9,Yes,No,Yes,Yes,Yes
56,AGYA APPIAH HOSTEL,2 in 1,8200,9,Yes,No,Yes,Yes,Yes
57,JENEST HOSTEL,2 in 1,6200,2,Yes,Yes,Yes,No,Yes
57,JENEST HOSTEL,1 in 1,8000,2,Yes,Yes,Yes,No,Yes
58,CRYSTAL ROSE,3 in 1,7700,35,No,Yes,No,No,No
58,CRYSTAL ROSE,2 in 1,8600,35,No,Yes,No,No,No
58,CRYSTAL ROSE,1 in 1,8700,35,No,Yes,No,No,No
59,BY HIS GRACE,4 in 1,7200,9,No,Yes,No,Yes,Yes
59,BY HIS GRACE,2 in 1,8200,9,No,Yes,No,Yes,Yes
60,GOLDEN PARADISE HOSTEL,4 in 1,4800,9,Yes,Yes,Yes,No,Yes
60,GOLDEN PARADISE HOSTEL,2 in 1,8800,9,Yes,Yes,Yes,No,Yes
61,WEST END,4 in 1,7000,5,No,Yes,Yes,Yes,No
61,WEST END,3 in 1,7800,5,No,Yes,Yes,Yes,No
62,THY KINGDOM COME HOSTEL,4 in 1,4000,9,No,No,No,No,Yes
62,THY KINGDOM COME HOSTEL,3 in 1,7500,9,No,No,No,No,Yes
63,EDEN HOSTEL,4 in 1,3900,9,Yes,Yes,Yes,No,Yes
63,EDEN HOSTEL,3 in 1,6800,9,Yes,Yes,Yes,No,Yes
63,EDEN HOSTEL,2 in 1,7500,9,Yes,Yes,Yes,No,Yes
64,BEACON HOSTEL,4 in 1,5400,11,No,Yes,Yes,Yes,No
64,BEACON HOSTEL,3 in 1,5500,11,No,Yes,Yes,Yes,No
64,BEACON HOSTEL,2 in 1,6300,11,No,Yes,Yes,Yes,No
65,GENTARL,2 in 1,5200,14,Yes,No,Yes,No,Yes
65,GENTARL,1 in 1,7600,14,Yes,No,Yes,No,Yes
66,DAKENS INTERNATTIONAL,3 in 1,6300,15,Yes,No,Yes,No,Yes
66,DAKENS INTERNATTIONAL,2 in 1,6800,15,Yes,No,Yes,No,Yes
66,DAKENS INTERNATTIONAL,1 in 1,8000,15,Yes,No,Yes,No,Yes
67,CHARIS,4 in 1,4500,30,Yes,No,Yes,No,No
67,CHARIS,3 in 1,7400,30,Yes,No,Yes,No,No
67,CHARIS,2 in 1,8500,30,Yes,No,Yes,No,No
68,DIVINE KAMA,4 in 1,3200,30,Yes,Yes,No,No,Yes
68,DIVINE KAMA,3 in 1,4800,30,Yes,Yes,No,No,Yes
68,DIVINE KAMA,2 in 1,8000,30,Yes,Yes,No,No,Yes
68,DIVINE KAMA,1 in 1,9100,30,Yes,Yes,No,No,Yes
69,WHITPAM B,4 in 1,5200,40,Yes,Yes,No,No,No
69,WHITPAM B,2 in 1,7400,40,Yes,Yes,No,No,No
70,F PLAZA,2 in 1,6200,45,No,No,Yes,Yes,No
70,F PLAZA,1 in 1,7800,45,No,No,Yes,Yes,No
71,PINAMANG,4 in 1,4000,45,Yes,Yes,No,No,No
71,PINAMANG,3 in 1,5600,45,Yes,Yes,No,No,No
72,OUTLOOK HOSTEL,4 in 1,3400,45,Yes,Yes,No,No,Yes
72,OUTLOOK HOSTEL,3 in 1,7200,45,Yes,Yes,No,No,Yes
73,BETHEL HOSTEL,3 in 1,6500,20,Yes,No,No,No,No
73,BETHEL HOSTEL,2 in 1,7800,20,Yes,No,No,No,No
74,NYANTAKYI,4 in 1,8200,55,Yes,Yes,Yes,No,Yes
74,NYANTAKYI,3 in 1,9400,55,Yes,Yes,Yes,No,Yes
75,DR SARFO,2 in 1,5200,14,Yes,Yes,No,No,Yes
75,DR SARFO,1 in 1,6000,14,Yes,Yes,No,No,Yes
76,CAESARS' PALACE,3 in 1,4000,40,Yes,Yes,No,No,No
76,CAESARS' PALACE,2 in 1,6200,40,Yes,Yes,No,No,No
77,MUSHIAL,4 in 1,3800,40,No,No,No,No,Yes
77,MUSHIAL,3 in 1,4000,40,No,No,No,No,Yes
77,MUSHIAL,2 in 1,6800,40,No,No,No,No,Yes
77,MUSHIAL,1 in 1,8600,40,No,No,No,No,Yes
78,NEVADA,2 in 1,7900,45,Yes,Yes,Yes,Yes,No
78,NEVADA,1 in 1,8300,45,Yes,Yes,Yes,Yes,No
79,EVANDY,3 in 1,4000,10,Yes,No,No,No,No
79,EVANDY,2 in 1,4600,10,Yes,No,No,No,No
79,EVANDY,1 in 1,7900,10,Yes,No,No,No,No
80,VIMENS,3 in 1,4200,40,Yes,Yes,No,Yes,Yes
80,VIMENS,2 in 1,8400,40,Yes,Yes,No,Yes,Yes
80,VIMENS,1 in 1,9200,40,Yes,Yes,No,Yes,Yes
81,SAAB HOSTEL,4 in 1,4800,40,No,Yes,Yes,No,Yes
81,SAAB HOSTEL,2 in 1,7400,40,No,Yes,Yes,No,Yes
82,AMERICAN HOUSE,4 in 1,8400,35,Yes,No,Yes,Yes,Yes
82,AMERICAN HOUSE,2 in 1,8600,35,Yes,No,Yes,Yes,Yes
83,ENIN HOSTEL,4 in 1,4400,50,Yes,Yes,Yes,Yes,Yes
83,ENIN HOSTEL,3 in 1,7500,50,Yes,Yes,Yes,Yes,Yes
83,ENIN HOSTEL,2 in 1,8800,50,Yes,Yes,Yes,Yes,Yes
83,ENIN HOSTEL,1 in 1,9200,50,Yes,Yes,Yes,Yes,Yes
84,RESURRECTION,4 in 1,5500,45,Yes,No,Yes,Yes,No
84,RESURRECTION,3 in 1,6300,45,Yes,No,Yes,Yes,No
84,RESURRECTION,2 in 1,7000,45,Yes,No,Yes,Yes,No
84,RESURRECTION,1 in 1,9400,45,Yes,No,Yes,Yes,No
85,DANLEO,4 in 1,6200,55,Yes,Yes,No,No,Yes
85,DANLEO,2 in 1,7600,55,Yes,Yes,No,No,Yes
86,FOUR SEASONS,3 in 1,7200,65,Yes,Yes,No,No,No
86,FOUR SEASONS,2 in 1,9200,65,Yes,Yes,No,No,No
86,FOUR SEASONS,1 in 1,9500,65,Yes,Yes,No,No,No
87,BOADI EXECUTIVE,2 in 1,4500,70,No,No,Yes,Yes,No
87,BOADI EXECUTIVE,1 in 1,7000,70,No,No,Yes,Yes,No
88,GOD'S GLORY,4 in 1,4700,50,No,Yes,Yes,No,No
88,GOD'S GLORY,3 in 1,7600,50,No,Yes,Yes,No,No
88,GOD'S GLORY,2 in 1,8700,50,No,Yes,Yes,No,No
88,GOD'S GLORY,1 in 1,9100,50,No,Yes,Yes,No,No
89,K GEE,4 in 1,5800,40,Yes,Yes,Yes,Yes,Yes
89,K GEE,3 in 1,7900,40,Yes,Yes,Yes,Yes,Yes
89,K GEE,2 in 1,8200,40,Yes,Yes,Yes,Yes,Yes
90,BO EXECUTIVE HOSTEL,3 in 1,5100,10,Yes,Yes,No,Yes,No
90,BO EXECUTIVE HOSTEL,2 in 1,7000,10,Yes,Yes,No,Yes,No
91,ASANSIKA,4 in 1,6000,30,No,No,Yes,Yes,Yes
91,ASANSIKA,3 in 1,6600,30,No,No,Yes,Yes,Yes
91,ASANSIKA,2 in 1,7400,30,No,No,Yes,Yes,Yes
92,HIGH ACHIEVERS,3 in 1,7500,35,Yes,Yes,No,Yes,Yes
92,HIGH ACHIEVERS,2 in 1,8800,35,Yes,Yes,No,Yes,Yes
92,HIGH ACHIEVERS,1 in 1,9800,35,Yes,Yes,No,Yes,Yes
93,MILLENNIUM LIGHT,3 in 1,8500,55,Yes,Yes,Yes,Yes,No
93,MILLENNIUM LIGHT,2 in 1,9200,55,Yes,Yes,Yes,Yes,No
94,FORD HOSTEL,4 in 1,7000,6,Yes,Yes,No,No,No
94,FORD HOSTEL,3 in 1,8400,6,Yes,Yes,No,No,No
94,FORD HOSTEL,2 in 1,9200,6,Yes,Yes,No,No,No
94,FORD HOSTEL,1 in 1,9400,6,Yes,Yes,No,No,No
95,EMMAL VILLE,4 in 1,4600,15,No,No,Yes,No,Yes
95,EMMAL VILLE,3 in 1,5100,15,No,No,Yes,No,Yes
95,EMMAL VILLE,2 in 1,6500,15,No,No,Yes,No,Yes
96,KYIRI ABOSOM,4 in 1,5200,14,Yes,No,Yes,No,No
96,KYIRI ABOSOM,3 in 1,6500,14,Yes,No,Yes,No,No
96,KYIRI ABOSOM,2 in 1,8100,14,Yes,No,Yes,No,No
97,DELISA ANNEX,3 in 1,5600,40,Yes,Yes,No,Yes,No
97,DELISA ANNEX,2 in 1,8500,40,Yes,Yes,No,Yes,No
98,ST. MICHAEL,4 in 1,5500,17,Yes,Yes,Yes,No,No
98,ST. MICHAEL,3 in 1,6200,17,Yes,Yes,Yes,No,No
98,ST. MICHAEL,2 in 1,8700,17,Yes,Yes,Yes,No,No
98,ST. MICHAEL,1 in 1,9400,17,Yes,Yes,Yes,No,No
99,P&G HOSTEL,2 in 1,4200,40,Yes,No,Yes,No,No
99,P&G HOSTEL,1 in 1,6400,40,Yes,No,Yes,No,No
100,EUROPA,4 in 1,6800,30,Yes,Yes,Yes,No,Yes
100,EUROPA,3 in 1,7800,30,Yes,Yes,Yes,No,Yes
100,EUROPA,2 in 1,8800,30,Yes,Yes,Yes,No,Yes
101,YVONNA HOSTEL,4 in 1,3200,12,Yes,No,Yes,Yes,No
101,YVONNA HOSTEL,3 in 1,5300,12,Yes,No,Yes,Yes,No
101,YVONNA HOSTEL,2 in 1,7100,12,Yes,No,Yes,Yes,No
101,YVONNA HOSTEL,1 in 1,8800,12,Yes,No,Yes,Yes,No
102,AGAPE,3 in 1,5500,12,Yes,No,Yes,Yes,No
102,AGAPE,2 in 1,7600,12,Yes,No,Yes,Yes,No
103,PEACE HOSTEL,4 in 1,3200,10,Yes,Yes,No,No,No
103,PEACE HOSTEL,3 in 1,8100,10,Yes,Yes,No,No,No
104,DREAMLAND,4 in 1,4300,14,Yes,No,Yes,Yes,No
104,DREAMLAND,3 in 1,5600,14,Yes,No,Yes,Yes,No
104,DREAMLAND,2 in 1,9300,14,Yes,No,Yes,Yes,No
105,CANADIAN,4 in 1,5300,15,Yes,Yes,No,Yes,Yes
105,CANADIAN,3 in 1,7200,15,Yes,Yes,No,Yes,Yes
105,CANADIAN,2 in 1,8200,15,Yes,Yes,No,Yes,Yes
105,CANADIAN,1 in 1,8600,15,Yes,Yes,No,Yes,Yes
106,GLORY BE TO GOD (ANNEX),4 in 1,3800,12,Yes,Yes,No,Yes,Yes
106,GLORY BE TO GOD (ANNEX),3 in 1,5400,12,Yes,Yes,No,Yes,Yes
107,JOHANNES,3 in 1,4000,14,Yes,Yes,No,No,No
107,JOHANNES,2 in 1,7100,14,Yes,Yes,No,No,No
108,JECADO,4 in 1,5800,12,Yes,Yes,Yes,Yes,Yes
108,JECADO,3 in 1,6500,12,Yes,Yes,Yes,Yes,Yes
108,JECADO,2 in 1,9300,12,Yes,Yes,Yes,Yes,Yes
108,JECADO,1 in 1,9500,12,Yes,Yes,Yes,Yes,Yes
109,WIMBLEDON (HENRY FRANK),4 in 1,7200,10,Yes,No,Yes,No,Yes
109,WIMBLEDON (HENRY FRANK),3 in 1,7800,10,Yes,No,Yes,No,Yes
109,WIMBLEDON (HENRY FRANK),2 in 1,8700,10,Yes,No,Yes,No,Yes
110,SPLENDOR,3 in 1,5500,12,Yes,Yes,Yes,Yes,Yes
110,SPLENDOR,2 in 1,5800,12,Yes,Yes,Yes,Yes,Yes
110,SPLENDOR,1 in 1,6800,12,Yes,Yes,Yes,Yes,Yes
111,ABUNDANT GRACE,4 in 1,3400,30,Yes,Yes,Yes,No,No
111,ABUNDANT GRACE,3 in 1,5800,30,Yes,Yes,Yes,No,No
112,FOSUA HOMES,4 in 1,6500,35,No,No,Yes,Yes,No
112,FOSUA HOMES,3 in 1,6800,35,No,No,Yes,Yes,No
112,FOSUA HOMES,2 in 1,7600,35,No,No,Yes,Yes,No
112,FOSUA HOMES,1 in 1,9400,35,No,No,Yes,Yes,No
113,AFRANE,3 in 1,5000,40,No,Yes,Yes,Yes,Yes
113,AFRANE,2 in 1,7500,40,No,Yes,Yes,Yes,Yes
113,AFRANE,1 in 1,9800,40,No,Yes,Yes,Yes,Yes
114,URBAN PLATINUM,4 in 1,5900,55,Yes,No,Yes,No,No
114,URBAN PLATINUM,3 in 1,6400,55,Yes,No,Yes,No,No
114,URBAN PLATINUM,2 in 1,8100,55,Yes,No,Yes,No,No
114,URBAN PLATINUM,1 in 1,8400,55,Yes,No,Yes,No,No
115,FRONTLINE INN,4 in 1,3400,6,No,Yes,Yes,No,No
115,FRONTLINE INN,3 in 1,6000,6,No,Yes,Yes,No,No
115,FRONTLINE INN,2 in 1,6100,6,No,Yes,Yes,No,No
115,FRONTLINE INN,1 in 1,7200,6,No,Yes,Yes,No,No
116,FRONTLINE APARTMENT (ANNEX),4 in 1,7400,8,Yes,Yes,Yes,Yes,No
116,FRONTLINE APARTMENT (ANNEX),2 in 1,8000,8,Yes,Yes,Yes,Yes,No
117,ACHIBA,3 in 1,4200,30,Yes,Yes,Yes,No,No
117,ACHIBA,2 in 1,6800,30,Yes,Yes,Yes,No,No
118,ALSTAR PINK,4 in 1,7200,14,Yes,Yes,No,Yes,No
118,ALSTAR PINK,3 in 1,8200,14,Yes,Yes,No,Yes,No
118,ALSTAR PINK,2 in 1,9000,14,Yes,Yes,No,Yes,No
118,ALSTAR PINK,1 in 1,9400,14,Yes,Yes,No,Yes,No
119,AMEN HOSTEL (ANNEX),4 in 1,3600,9,Yes,No,No,Yes,Yes
119,AMEN HOSTEL (ANNEX),3 in 1,5200,9,Yes,No,No,Yes,Yes
119,AMEN HOSTEL (ANNEX),2 in 1,6100,9,Yes,No,No,Yes,Yes
119,AMEN HOSTEL (ANNEX),1 in 1,7000,9,Yes,No,No,Yes,Yes
120,ANGLICAN,3 in 1,3900,25,No,No,No,No,Yes
120,ANGLICAN,2 in 1,5300,25,No,No,No,No,Yes
121,ASABEK HOSTEL,4 in 1,7000,11,Yes,No,Yes,Yes,Yes
121,ASABEK HOSTEL,3 in 1,7400,11,Yes,No,Yes,Yes,Yes
122,KINGS OF KINGS,4 in 1,8200,14,Yes,Yes,Yes,No,Yes
122,KINGS OF KINGS,3 in 1,8800,14,Yes,Yes,Yes,No,Yes
123,MCKEOWN,4 in 1,5600,50,Yes,Yes,No,Yes,Yes
123,MCKEOWN,3 in 1,7400,50,Yes,Yes,No,Yes,Yes
123,MCKEOWN,2 in 1,8700,50,Yes,Yes,No,Yes,Yes
124,MONTREAL,3 in 1,4200,14,Yes,No,No,Yes,No
124,MONTREAL,2 in 1,7700,14,Yes,No,No,Yes,No
125,AMEN INN,4 in 1,8200,9,Yes,Yes,Yes,No,Yes
125,AMEN INN,3 in 1,8400,9,Yes,Yes,Yes,No,Yes
125,AMEN INN,2 in 1,9400,9,Yes,Yes,Yes,No,Yes
125,AMEN INN,1 in 1,9600,9,Yes,Yes,Yes,No,Yes
126,VIABLE,4 in 1,7000,35,No,Yes,Yes,No,No
126,VIABLE,2 in 1,7700,35,No,Yes,Yes,No,No
127,THINK JESUS,4 in 1,6900,35,Yes,Yes,No,No,Yes
127,THINK JESUS,3 in 1,8900,35,Yes,Yes,No,No,Yes
127,THINK JESUS,2 in 1,9400,35,Yes,Yes,No,No,Yes
128,AMEN MAIN,4 in 1,5000,12,Yes,No,Yes,Yes,No
128,AMEN MAIN,3 in 1,7200,12,Yes,No,Yes,Yes,No
128,AMEN MAIN,2 in 1,7900,12,Yes,No,Yes,Yes,No
128,AMEN MAIN,1 in 1,9200,12,Yes,No,Yes,Yes,No
129,BLUE ARK,3 in 1,7400,7,Yes,No,Yes,Yes,No
129,BLUE ARK,2 in 1,9300,7,Yes,No,Yes,Yes,No
130,CASA MARIA,4 in 1,7000,8,No,Yes,No,No,No
130,CASA MARIA,3 in 1,7600,8,No,Yes,No,No,No
130,CASA MARIA,2 in 1,8200,8,No,Yes,No,No,No
130,CASA MARIA,1 in 1,9800,8,No,Yes,No,No,No
131,DESTINY VIEW,3 in 1,5600,45,Yes,No,No,No,Yes
131,DESTINY VIEW,2 in 1,7700,45,Yes,No,No,No,Yes
131,DESTINY VIEW,1 in 1,9300,45,Yes,No,No,No,Yes
132,CANAM 3 IN 1 HOSTEL,4 in 1,5400,7,Yes,Yes,Yes,No,Yes
132,CANAM 3 IN 1 HOSTEL,3 in 1,9400,7,Yes,Yes,Yes,No,Yes
133,BANIVILLAS,3 in 1,7500,35,Yes,Yes,Yes,No,Yes
133,BANIVILLAS,2 in 1,8500,35,Yes,Yes,Yes,No,Yes
134,HONESTY STUDENTS',4 in 1,5600,25,Yes,No,Yes,No,No
134,HONESTY STUDENTS',3 in 1,6600,25,Yes,No,Yes,No,No
134,HONESTY STUDENTS',2 in 1,6800,25,Yes,No,Yes,No,No
134,HONESTY STUDENTS',1 in 1,7700,25,Yes,No,Yes,No,No
135,DAKENS INTERNATIONAL,4 in 1,5800,14,Yes,Yes,Yes,No,No
135,DAKENS INTERNATIONAL,3 in 1,7600,14,Yes,Yes,Yes,No,No
135,DAKENS INTERNATIONAL,2 in 1,7900,14,Yes,Yes,Yes,No,No
135,DAKENS INTERNATIONAL,1 in 1,9400,14,Yes,Yes,Yes,No,No
136,JITAL,2 in 1,5500,50,Yes,No,Yes,No,No
136,JITAL,1 in 1,9000,50,Yes,No,Yes,No,No
137,GHANA HOSTELS,4 in 1,6800,14,No,No,Yes,No,Yes
137,GHANA HOSTELS,3 in 1,8200,14,No,No,Yes,No,Yes
137,GHANA HOSTELS,2 in 1,9200,14,No,No,Yes,No,Yes
138,ESPERSTAR (IPS),4 in 1,4600,9,Yes,No,Yes,No,No
138,ESPERSTAR (IPS),3 in 1,6200,9,Yes,No,Yes,No,No
138,ESPERSTAR (IPS),2 in 1,7100,9,Yes,No,Yes,No,No
138,ESPERSTAR (IPS),1 in 1,9400,9,Yes,No,Yes,No,No
139,GAZA ANNEX,4 in 1,5100,20,Yes,Yes,Yes,No,No
139,GAZA ANNEX,2 in 1,5900,20,Yes,Yes,Yes,No,No
140,ROYAL GATE HOSTEL LTD,4 in 1,3800,4,No,No,Yes,Yes,No
140,ROYAL GATE HOSTEL LTD,3 in 1,6300,4,No,No,Yes,Yes,No
140,ROYAL GATE HOSTEL LTD,2 in 1,7800,4,No,No,Yes,Yes,No
140,ROYAL GATE HOSTEL LTD,1 in 1,8800,4,No,No,Yes,Yes,No
141,JITA HOSTEL,4 in 1,7600,6,Yes,No,No,No,Yes
141,JITA HOSTEL,3 in 1,8000,6,Yes,No,No,No,Yes
141,JITA HOSTEL,2 in 1,9000,6,Yes,No,No,No,Yes
142,WHITPAM A,4 in 1,7400,10,Yes,Yes,Yes,No,Yes
142,WHITPAM A,2 in 1,9800,10,Yes,Yes,Yes,No,Yes
143,CHRISTLIKE,2 in 1,6300,4,No,No,No,No,No
143,CHRISTLIKE,1 in 1,8000,4,No,No,No,No,No
144,CRESTHAVEN,3 in 1,3900,14,Yes,No,Yes,No,Yes
144,CRESTHAVEN,2 in 1,9200,14,Yes,No,Yes,No,Yes
144,CRESTHAVEN,1 in 1,9600,14,Yes,No,Yes,No,Yes
145,GEORGIA HOSTEL,4 in 1,5300,25,No,Yes,Yes,Yes,No
145,GEORGIA HOSTEL,3 in 1,6000,25,No,Yes,Yes,Yes,No
145,GEORGIA HOSTEL,2 in 1,7700,25,No,Yes,Yes,Yes,No
146,RICHBAD,2 in 1,4200,14,Yes,No,Yes,Yes,No
146,RICHBAD,1 in 1,8200,14,Yes,No,Yes,Yes,No
147,ULTIMATE,4 in 1,4900,10,Yes,Yes,Yes,No,Yes
147,ULTIMATE,2 in 1,7800,10,Yes,Yes,Yes,No,Yes
148,AMA KONADU,3 in 1,7600,14,No,No,Yes,Yes,Yes
148,AMA KONADU,2 in 1,8300,14,No,No,Yes,Yes,Yes
148,AMA KONADU,1 in 1,9400,14,No,No,Yes,Yes,Yes
149,UNCOMPLETED HOSTEL,4 in 1,7600,14,Yes,Yes,Yes,No,No
149,UNCOMPLETED HOSTEL,3 in 1,7800,14,Yes,Yes,Yes,No,No
149,UNCOMPLETED HOSTEL,2 in 1,8200,14,Yes,Yes,Yes,No,No
149,UNCOMPLETED HOSTEL,1 in 1,8800,14,Yes,Yes,Yes,No,No
150,ZORO 1,2 in 1,5400,35,Yes,Yes,Yes,No,No
150,ZORO 1,1 in 1,7800,35,Yes,Yes,Yes,No,No
151,MORNING STAR PALACE,2 in 1,6400,6,Yes,No,No,Yes,No
151,MORNING STAR PALACE,1 in 1,6800,6,Yes,No,No,Yes,No
152,POLICE,3 in 1,7900,14,Yes,Yes,Yes,No,Yes
152,POLICE,2 in 1,8200,14,Yes,Yes,Yes,No,Yes
153,UNNAMED HOSTEL,4 in 1,6800,14,Yes,Yes,Yes,No,No
153,UNNAMED HOSTEL,2 in 1,8000,14,Yes,Yes,Yes,No,No
154,MAJESTIC,4 in 1,6200,14,No,No,Yes,Yes,Yes
154,MAJESTIC,3 in 1,6800,14,No,No,Yes,Yes,Yes
154,MAJESTIC,2 in 1,7100,14,No,No,Yes,Yes,Yes
155,SLOT 2,4 in 1,4400,14,No,No,Yes,No,Yes
155,SLOT 2,3 in 1,5400,14,No,No,Yes,No,Yes
155,SLOT 2,2 in 1,7000,14,No,No,Yes,No,Yes
155,SLOT 2,1 in 1,8000,14,No,No,Yes,No,Yes
156,WISDOM SEEKERS,3 in 1,6000,14,Yes,No,Yes,Yes,Yes
156,WISDOM SEEKERS,2 in 1,7400,14,Yes,No,Yes,Yes,Yes
156,WISDOM SEEKERS,1 in 1,9600,14,Yes,No,Yes,Yes,Yes
157,QUANS VILLA,3 in 1,4200,14,Yes,No,Yes,No,Yes
157,QUANS VILLA,2 in 1,6200,14,Yes,No,Yes,No,Yes
157,QUANS VILLA,1 in 1,9800,14,Yes,No,Yes,No,Yes
158,FNF HOSTEL,4 in 1,6900,30,No,Yes,No,Yes,No
158,FNF HOSTEL,3 in 1,7800,30,No,Yes,No,Yes,No
159,PERFECT LINES,2 in 1,4200,14,Yes,No,Yes,Yes,Yes
159,PERFECT LINES,1 in 1,7600,14,Yes,No,Yes,Yes,Yes
160,MR. KWASI HOSTEL,4 in 1,7200,14,Yes,Yes,Yes,No,No
160,MR. KWASI HOSTEL,2 in 1,7700,14,Yes,Yes,Yes,No,No
161,YELLOW HOUSE,4 in 1,3200,12,Yes,Yes,No,No,Yes
161,YELLOW HOUSE,3 in 1,7100,12,Yes,Yes,No,No,Yes
161,YELLOW HOUSE,2 in 1,7800,12,Yes,Yes,No,No,Yes
161,YELLOW HOUSE,1 in 1,8700,12,Yes,Yes,No,No,Yes
162,ABANK VILLAGE,4 in 1,7000,14,No,No,No,Yes,No
162,ABANK VILLAGE,3 in 1,7600,14,No,No,No,Yes,No
162,ABANK VILLAGE,2 in 1,7800,14,No,No,No,Yes,No
162,ABANK VILLAGE,1 in 1,8300,14,No,No,No,Yes,No
163,SUMMER PARK,4 in 1,6000,14,Yes,No,No,No,No
163,SUMMER PARK,2 in 1,7900,14,Yes,No,No,No,No
164,B&B HOSTEL,3 in 1,7700,14,Yes,Yes,No,Yes,Yes
164,B&B HOSTEL,2 in 1,8200,14,Yes,Yes,No,Yes,Yes
165,GLORY VILLE,4 in 1,6800,14,Yes,No,Yes,No,Yes
165,GLORY VILLE,3 in 1,7400,14,Yes,No,Yes,No,Yes
165,GLORY VILLE,2 in 1,9400,14,Yes,No,Yes,No,Yes
165,GLORY VILLE,1 in 1,9500,14,Yes,No,Yes,No,Yes
166,ASANTEWAA VILLA,4 in 1,5600,14,Yes,Yes,No,Yes,No
166,ASANTEWAA VILLA,3 in 1,7800,14,Yes,Yes,No,Yes,No
167,MAJESTY,3 in 1,3600,14,Yes,Yes,Yes,No,No
167,MAJESTY,2 in 1,8300,14,Yes,Yes,Yes,No,No
167,MAJESTY,1 in 1,8900,14,Yes,Yes,Yes,No,No
168,CANAM GOLD,4 in 1,8400,7,No,No,Yes,No,Yes
168,CANAM GOLD,3 in 1,8600,7,No,No,Yes,No,Yes
169,CANAM ANNEX,4 in 1,4500,14,No,Yes,No,Yes,Yes
169,CANAM ANNEX,3 in 1,5500,14,No,Yes,No,Yes,Yes
169,CANAM ANNEX,2 in 1,7600,14,No,Yes,No,Yes,Yes
169,CANAM ANNEX,1 in 1,9000,14,No,Yes,No,Yes,Yes
170,GLORY BE TO GOD (MAIN),2 in 1,4200,14,Yes,No,No,No,No
170,GLORY BE TO GOD (MAIN),1 in 1,5900,14,Yes,No,No,No,No
171,YAHOODA,3 in 1,6400,13,Yes,No,Yes,No,Yes
171,YAHOODA,2 in 1,7100,13,Yes,No,Yes,No,Yes
172,LIBERTY,4 in 1,6900,14,No,Yes,No,Yes,No
172,LIBERTY,2 in 1,8000,14,No,Yes,No,Yes,No
173,BANNANT MANOR LIMITED,4 in 1,6300,8,Yes,Yes,No,Yes,No
173,BANNANT MANOR LIMITED,3 in 1,6800,8,Yes,Yes,No,Yes,No
173,BANNANT MANOR LIMITED,2 in 1,7400,8,Yes,Yes,No,Yes,No
173,BANNANT MANOR LIMITED,1 in 1,7800,8,Yes,Yes,No,Yes,No
174,ANDREW HOSTEL,4 in 1,3600,14,Yes,No,No,No,No
174,ANDREW HOSTEL,3 in 1,8000,14,Yes,No,No,No,No
174,ANDREW HOSTEL,2 in 1,8400,14,Yes,No,No,No,No
175,R & B HOSTEL,4 in 1,4200,6,No,No,Yes,Yes,Yes
175,R & B HOSTEL,3 in 1,6000,6,No,No,Yes,Yes,Yes
175,R & B HOSTEL,2 in 1,7100,6,No,No,Yes,Yes,Yes
175,R & B HOSTEL,1 in 1,9100,6,No,No,Yes,Yes,Yes
176,MORNING STAR PALACE (ANNEX),4 in 1,3400,14,Yes,No,Yes,Yes,No
176,MORNING STAR PALACE (ANNEX),3 in 1,3700,14,Yes,No,Yes,Yes,No
176,MORNING STAR PALACE (ANNEX),2 in 1,5900,14,Yes,No,Yes,Yes,No
176,MORNING STAR PALACE (ANNEX),1 in 1,6900,14,Yes,No,Yes,Yes,No
177,AFIRIM,3 in 1,5400,2,Yes,No,Yes,No,Yes
177,AFIRIM,2 in 1,6600,2,Yes,No,Yes,No,Yes
177,AFIRIM,1 in 1,8000,2,Yes,No,Yes,No,Yes
178,JETARL,4 in 1,6100,14,No,No,Yes,No,No
178,JETARL,3 in 1,7900,14,No,No,Yes,No,No
178,JETARL,2 in 1,8600,14,No,No,Yes,No,No
179,KINGSDALE,3 in 1,5600,14,No,No,No,No,No
179,KINGSDALE,2 in 1,7400,14,No,No,No,No,No
180,HOSTEL (NO NAME) 1,4 in 1,5000,14,Yes,No,Yes,Yes,No
180,HOSTEL (NO NAME) 1,3 in 1,5800,14,Yes,No,Yes,Yes,No
180,HOSTEL (NO NAME) 1,2 in 1,6900,14,Yes,No,Yes,Yes,No
181,DR. NAP ARTHUR,4 in 1,7000,10,No,No,Yes,Yes,No
181,DR. NAP ARTHUR,3 in 1,7600,10,No,No,Yes,Yes,No
181,DR. NAP ARTHUR,2 in 1,8700,10,No,No,Yes,Yes,No
181,DR. NAP ARTHUR,1 in 1,9400,10,No,No,Yes,Yes,No
182,PIVA-G,4 in 1,4400,10,Yes,No,Yes,No,Yes
182,PIVA-G,3 in 1,6100,10,Yes,No,Yes,No,Yes
183,POWER HOSTEL,4 in 1,4800,50,Yes,No,No,No,No
183,POWER HOSTEL,2 in 1,9600,50,Yes,No,No,No,No
184,APOSTLES,3 in 1,8800,8,Yes,No,Yes,Yes,No
184,APOSTLES,2 in 1,9500,8,Yes,No,Yes,Yes,No
185,SAGA CITY,4 in 1,3800,14,Yes,No,Yes,No,No
185,SAGA CITY,3 in 1,7400,14,Yes,No,Yes,No,No
185,SAGA CITY,2 in 1,8600,14,Yes,No,Yes,No,No
186,FOT HOSTEL,4 in 1,7400,5,No,No,Yes,No,No
186,FOT HOSTEL,3 in 1,9200,5,No,No,Yes,No,No
187,CHRIST CITADEL,4 in 1,7000,5,Yes,No,Yes,No,Yes
187,CHRIST CITADEL,3 in 1,7900,5,Yes,No,Yes,No,Yes
187,CHRIST CITADEL,2 in 1,9200,5,Yes,No,Yes,No,Yes
188,KATE VILLA,4 in 1,5000,17,Yes,Yes,No,No,No
188,KATE VILLA,3 in 1,7600,17,Yes,Yes,No,No,No
188,KATE VILLA,2 in 1,7700,17,Yes,Yes,No,No,No
188,KATE VILLA,1 in 1,8200,17,Yes,Yes,No,No,No
189,B-MARK,4 in 1,5200,13,Yes,No,Yes,No,Yes
189,B-MARK,3 in 1,7800,13,Yes,No,Yes,No,Yes
189,B-MARK,2 in 1,8000,13,Yes,No,Yes,No,Yes
189,B-MARK,1 in 1,9000,13,Yes,No,Yes,No,Yes
190,DORCHEST,3 in 1,6600,14,Yes,No,No,Yes,No
190,DORCHEST,2 in 1,8200,14,Yes,No,No,Yes,No
190,DORCHEST,1 in 1,9100,14,Yes,No,No,Yes,No
191,SAMATHEL,2 in 1,7700,13,Yes,Yes,Yes,Yes,No
191,SAMATHEL,1 in 1,8100,13,Yes,Yes,Yes,Yes,No
192,VICTORY TOWERS,3 in 1,6300,3,Yes,No,No,Yes,No
192,VICTORY TOWERS,2 in 1,7200,3,Yes,No,No,Yes,No
193,K&N GOLDEN TREASURE,4 in 1,6300,4,Yes,Yes,Yes,No,No
193,K&N GOLDEN TREASURE,3 in 1,6800,4,Yes,Yes,Yes,No,No
193,K&N GOLDEN TREASURE,2 in 1,8000,4,Yes,Yes,Yes,No,No
194,NANA AGYEMAN HOSTEL,2 in 1,8600,14,Yes,Yes,No,No,Yes
194,NANA AGYEMAN HOSTEL,1 in 1,8900,14,Yes,Yes,No,No,Yes
195,SHOWERS STUDENTS HOSTEL,4 in 1,3600,5,Yes,No,No,No,No
195,SHOWERS STUDENTS HOSTEL,3 in 1,6800,5,Yes,No,No,No,No
196,SERWAA NYARKO HOSTEL,2 in 1,5900,14,Yes,No,No,No,Yes
196,SERWAA NYARKO HOSTEL,1 in 1,7400,14,Yes,No,No,No,Yes
197,PRESIDENTIAL SQUARE,2 in 1,6200,7,No,Yes,No,No,No
197,PRESIDENTIAL SQUARE,1 in 1,7500,7,No,Yes,No,No,No
198,STANDARD HOSTEL,3 in 1,6800,16,Yes,No,Yes,No,Yes
198,STANDARD HOSTEL,2 in 1,7300,16,Yes,No,Yes,No,Yes
199,AMERICAN HOSTEL,3 in 1,3600,4,No,No,Yes,No,No
199,AMERICAN HOSTEL,2 in 1,8200,4,No,No,Yes,No,No
200,ADWOA ACHIAA,4 in 1,4600,10,No,No,No,No,No
200,ADWOA ACHIAA,2 in 1,6600,10,No,No,No,No,No
201,PRESIDENTIAL LODGE,4 in 1,8000,10,Yes,No,Yes,No,No
201,PRESIDENTIAL LODGE,3 in 1,8600,10,Yes,No,Yes,No,No
202,BK HOSTEL,4 in 1,7800,25,Yes,No,Yes,No,Yes
202,BK HOSTEL,2 in 1,9600,25,Yes,No,Yes,No,Yes
203,AMA ODE,2 in 1,3600,14,No,No,Yes,No,Yes
203,AMA ODE,1 in 1,7800,14,No,No,Yes,No,Yes
204,HARVARD HOSTEL,4 in 1,5800,40,Yes,No,Yes,No,No
204,HARVARD HOSTEL,3 in 1,7000,40,Yes,No,Yes,No,No
204,HARVARD HOSTEL,2 in 1,7800,40,Yes,No,Yes,No,No
205,HOSTEL UNIQUE,4 in 1,7000,35,Yes,Yes,Yes,No,Yes
205,HOSTEL UNIQUE,2 in 1,9200,35,Yes,Yes,Yes,No,Yes
206,MOUNTAIN VIEW,4 in 1,7000,8,Yes,Yes,Yes,Yes,Yes
206,MOUNTAIN VIEW,3 in 1,8000,8,Yes,Yes,Yes,Yes,Yes
206,MOUNTAIN VIEW,2 in 1,8400,8,Yes,Yes,Yes,Yes,Yes
206,MOUNTAIN VIEW,1 in 1,8600,8,Yes,Yes,Yes,Yes,Yes
207,PENTAGON HOSTEL,4 in 1,6900,4,Yes,Yes,Yes,No,No
207,PENTAGON HOSTEL,3 in 1,8500,4,Yes,Yes,Yes,No,No
208,SIMON SEKYERE,4 in 1,6600,14,Yes,Yes,No,No,No
208,SIMON SEKYERE,3 in 1,7000,14,Yes,Yes,No,No,No
208,SIMON SEKYERE,2 in 1,8200,14,Yes,Yes,No,No,No
208,SIMON SEKYERE,1 in 1,9800,14,Yes,Yes,No,No,No
209,A&D HOSTEL,3 in 1,5200,5,Yes,No,Yes,Yes,No
209,A&D HOSTEL,2 in 1,6400,5,Yes,No,Yes,Yes,No
210,ANDROID HOSTEL,4 in 1,5000,40,Yes,No,No,Yes,No
210,ANDROID HOSTEL,2 in 1,7100,40,Yes,No,No,Yes,No
211,TRIBEL HOSTEL,3 in 1,5500,9,Yes,No,No,Yes,No
211,TRIBEL HOSTEL,2 in 1,6000,9,Yes,No,No,Yes,No
211,TRIBEL HOSTEL,1 in 1,7900,9,Yes,No,No,Yes,No
212,ADJANI HOSTEL,3 in 1,8200,14,Yes,Yes,No,No,No
212,ADJANI HOSTEL,2 in 1,8800,14,Yes,Yes,No,No,No
213,ECSTASY HOSTEL,3 in 1,4800,30,Yes,No,No,No,Yes
213,ECSTASY HOSTEL,2 in 1,6200,30,Yes,No,No,No,Yes
214,WASHEY HOSTEL,3 in 1,6000,14,No,Yes,No,No,No
214,WASHEY HOSTEL,2 in 1,7600,14,No,Yes,No,No,No
215,ENYIMA HOSTEL,3 in 1,3600,14,Yes,Yes,Yes,Yes,No
215,ENYIMA HOSTEL,2 in 1,6800,14,Yes,Yes,Yes,Yes,No
215,ENYIMA HOSTEL,1 in 1,8300,14,Yes,Yes,Yes,Yes,No
216,LIENDE VILLE,3 in 1,4000,14,No,Yes,No,No,No
216,LIENDE VILLE,2 in 1,4200,14,No,Yes,No,No,No
216,LIENDE VILLE,1 in 1,6500,14,No,Yes,No,No,No
217,PARADISE REGAINED HOSTEL,3 in 1,5400,14,Yes,Yes,Yes,Yes,No
217,PARADISE REGAINED HOSTEL,2 in 1,9600,14,Yes,Yes,Yes,Yes,No
218,WILLCHRIS HOSTEL,2 in 1,3600,14,Yes,No,Yes,No,No
218,WILLCHRIS HOSTEL,1 in 1,5300,14,Yes,No,Yes,No,No
219,EPHRAIM'S HOSTEL,3 in 1,8000,14,Yes,Yes,Yes,Yes,No
219,EPHRAIM'S HOSTEL,2 in 1,8100,14,Yes,Yes,Yes,Yes,No
220,M HOSTEL,2 in 1,5800,14,Yes,No,Yes,No,No
220,M HOSTEL,1 in 1,7600,14,Yes,No,Yes,No,No
221,AMA SERWAAH HOSTEL,4 in 1,4200,14,Yes,No,Yes,No,Yes
221,AMA SERWAAH HOSTEL,3 in 1,5400,14,Yes,No,Yes,No,Yes
221,AMA SERWAAH HOSTEL,2 in 1,6500,14,Yes,No,Yes,No,Yes
221,AMA SERWAAH HOSTEL,1 in 1,8000,14,Yes,No,Yes,No,Yes
222,BRIMSDOWN,4 in 1,4400,14,Yes,No,Yes,Yes,No
222,BRIMSDOWN,3 in 1,8000,14,Yes,No,Yes,Yes,No
223,AMSTEL HOSTEL,4 in 1,4500,14,No,No,Yes,Yes,No
223,AMSTEL HOSTEL,3 in 1,5600,14,No,No,Yes,Yes,No
223,AMSTEL HOSTEL,2 in 1,6800,14,No,No,Yes,Yes,No
223,AMSTEL HOSTEL,1 in 1,8700,14,No,No,Yes,Yes,No
224,KNS,4 in 1,4900,14,Yes,No,Yes,No,No
224,KNS,2 in 1,8400,14,Yes,No,Yes,No,No
225,CNC HOSTEL,4 in 1,8600,14,Yes,Yes,No,No,No
225,CNC HOSTEL,3 in 1,8800,14,Yes,Yes,No,No,No
226,DAPAMAX HOSTEL,4 in 1,7100,14,Yes,Yes,Yes,No,No
226,DAPAMAX HOSTEL,2 in 1,8500,14,Yes,Yes,Yes,No,No
227,KIRAKEISHA HOSTEL,2 in 1,6900,14,No,No,No,No,No
227,KIRAKEISHA HOSTEL,1 in 1,7800,14,No,No,No,No,No
228,AY HOSTEL,4 in 1,7000,14,Yes,Yes,No,No,No
228,AY HOSTEL,3 in 1,8700,14,Yes,Yes,No,No,No
229,THE HOPES COMMUNITY,4 in 1,4500,6,Yes,No,Yes,No,Yes
229,THE HOPES COMMUNITY,3 in 1,6000,6,Yes,No,Yes,No,Yes
229,THE HOPES COMMUNITY,2 in 1,8800,6,Yes,No,Yes,No,Yes
229,THE HOPES COMMUNITY,1 in 1,9100,6,Yes,No,Yes,No,Yes
230,MOJO 1 HOSTEL,4 in 1,6500,14,Yes,No,No,Yes,Yes
230,MOJO 1 HOSTEL,2 in 1,9200,14,Yes,No,No,Yes,Yes
231,JILAC HOSTEL,4 in 1,5400,14,Yes,No,Yes,No,Yes
231,JILAC HOSTEL,3 in 1,5700,14,Yes,No,Yes,No,Yes
231,JILAC HOSTEL,2 in 1,6600,14,Yes,No,Yes,No,Yes
232,MENA HOSTEL,4 in 1,3200,14,Yes,No,Yes,Yes,Yes
232,MENA HOSTEL,3 in 1,5400,14,Yes,No,Yes,Yes,Yes
232,MENA HOSTEL,2 in 1,7400,14,Yes,No,Yes,Yes,Yes
233,DOWNS VIEW HOSTEL,2 in 1,8800,35,Yes,Yes,Yes,Yes,Yes
233,DOWNS VIEW HOSTEL,1 in 1,9600,35,Yes,Yes,Yes,Yes,Yes
234,VIC HOSTEL,2 in 1,3800,14,No,No,No,No,No
234,VIC HOSTEL,1 in 1,7000,14,No,No,No,No,No
235,MEGHAN HOSTEL,4 in 1,6600,14,No,No,Yes,No,Yes
235,MEGHAN HOSTEL,2 in 1,9800,14,No,No,Yes,No,Yes
236,GREEN HOSTEL,3 in 1,7800,14,Yes,No,Yes,Yes,No
236,GREEN HOSTEL,2 in 1,9600,14,Yes,No,Yes,Yes,No
237,NANA ADOMAH'S HOSTEL,4 in 1,6100,14,Yes,No,No,Yes,Yes
237,NANA ADOMAH'S HOSTEL,3 in 1,6500,14,Yes,No,No,Yes,Yes
237,NANA ADOMAH'S HOSTEL,2 in 1,9500,14,Yes,No,No,Yes,Yes
238,ALGRACE HOSTEL,4 in 1,4900,14,Yes,Yes,No,Yes,Yes
238,ALGRACE HOSTEL,2 in 1,7600,14,Yes,Yes,No,Yes,Yes
239,J & J HOSTEL,4 in 1,5200,14,No,No,No,No,Yes
239,J & J HOSTEL,2 in 1,9100,14,No,No,No,No,Yes
240,SELMA HOSTEL,3 in 1,4400,14,Yes,Yes,Yes,No,Yes
240,SELMA HOSTEL,2 in 1,5800,14,Yes,Yes,Yes,No,Yes
241,IKES HOSTEL,4 in 1,5400,45,No,No,Yes,No,Yes
241,IKES HOSTEL,3 in 1,7000,45,No,No,Yes,No,Yes
241,IKES HOSTEL,2 in 1,8600,45,No,No,Yes,No,Yes
241,IKES HOSTEL,1 in 1,8800,45,No,No,Yes,No,Yes
242,WAF HOSTEL,3 in 1,5500,14,No,Yes,Yes,Yes,No
242,WAF HOSTEL,2 in 1,7700,14,No,Yes,Yes,Yes,No
243,NEW ERA HOSTEL,2 in 1,6800,14,No,Yes,Yes,Yes,Yes
243,NEW ERA HOSTEL,1 in 1,9600,14,No,Yes,Yes,Yes,Yes
244,ANKANA HOSTEL,4 in 1,6600,14,Yes,Yes,Yes,Yes,Yes
244,ANKANA HOSTEL,3 in 1,8100,14,Yes,Yes,Yes,Yes,Yes
245,GAZA HOSTEL,2 in 1,4600,20,Yes,No,Yes,No,No
245,GAZA HOSTEL,1 in 1,7600,20,Yes,No,Yes,No,No
246,ECOWAS HOSTEL,4 in 1,6500,14,Yes,No,Yes,Yes,No
246,ECOWAS HOSTEL,3 in 1,7300,14,Yes,No,Yes,Yes,No
246,ECOWAS HOSTEL,2 in 1,7800,14,Yes,No,Yes,Yes,No
246,ECOWAS HOSTEL,1 in 1,8900,14,Yes,No,Yes,Yes,No
247,CURRENT HOSTEL,4 in 1,4600,14,Yes,Yes,No,Yes,Yes
247,CURRENT HOSTEL,3 in 1,6000,14,Yes,Yes,No,Yes,Yes
247,CURRENT HOSTEL,2 in 1,8800,14,Yes,Yes,No,Yes,Yes
247,CURRENT HOSTEL,1 in 1,9400,14,Yes,Yes,No,Yes,Yes
248,CHRISTIAN HOSTEL,4 in 1,3800,14,Yes,Yes,Yes,Yes,Yes
248,CHRISTIAN HOSTEL,3 in 1,6400,14,Yes,Yes,Yes,Yes,Yes
248,CHRISTIAN HOSTEL,2 in 1,8800,14,Yes,Yes,Yes,Yes,Yes
248,CHRISTIAN HOSTEL,1 in 1,9400,14,Yes,Yes,Yes,Yes,Yes
249,BANGUI,3 in 1,8000,14,Yes,Yes,No,No,No
249,BANGUI,2 in 1,8400,14,Yes,Yes,No,No,No
249,BANGUI,1 in 1,9200,14,Yes,Yes,No,No,No
250,PAREEN COURT,2 in 1,5900,14,Yes,Yes,Yes,Yes,No
250,PAREEN COURT,1 in 1,6900,14,Yes,Yes,Yes,Yes,No
251,KENT CITY,4 in 1,8000,14,Yes,Yes,Yes,No,No
251,KENT CITY,3 in 1,9000,14,Yes,Yes,Yes,No,No
252,LIBREVILLE COURT,4 in 1,6900,14,Yes,Yes,Yes,No,No
252,LIBREVILLE COURT,3 in 1,7400,14,Yes,Yes,Yes,No,No
252,LIBREVILLE COURT,2 in 1,8000,14,Yes,Yes,Yes,No,No
253,KOKROKO HOSTEL,4 in 1,4800,14,Yes,No,Yes,Yes,Yes
253,KOKROKO HOSTEL,3 in 1,5600,14,Yes,No,Yes,Yes,Yes
253,KOKROKO HOSTEL,2 in 1,7100,14,Yes,No,Yes,Yes,Yes
253,KOKROKO HOSTEL,1 in 1,9400,14,Yes,No,Yes,Yes,Yes
254,ASHMORE HOSTEL,4 in 1,6600,14,No,Yes,Yes,Yes,Yes
254,ASHMORE HOSTEL,3 in 1,7600,14,No,Yes,Yes,Yes,Yes
254,ASHMORE HOSTEL,2 in 1,8200,14,No,Yes,Yes,Yes,Yes
254,ASHMORE HOSTEL,1 in 1,9600,14,No,Yes,Yes,Yes,Yes
255,OPN VICTORY,4 in 1,3800,14,Yes,No,No,Yes,Yes
255,OPN VICTORY,3 in 1,8500,14,Yes,No,No,Yes,Yes
256,KINSHASA COURT,2 in 1,4500,14,Yes,Yes,Yes,No,No
256,KINSHASA COURT,1 in 1,7100,14,Yes,Yes,Yes,No,No
257,ASIDO HOSTEL,3 in 1,5200,14,No,Yes,No,No,No
257,ASIDO HOSTEL,2 in 1,7200,14,No,Yes,No,No,No
258,SIR MAX HOSTEL,4 in 1,3400,14,No,Yes,Yes,Yes,No
258,SIR MAX HOSTEL,3 in 1,8200,14,No,Yes,Yes,Yes,No
259,GOLD DUST HOSTEL,2 in 1,4200,14,No,Yes,Yes,No,Yes
259,GOLD DUST HOSTEL,1 in 1,7500,14,No,Yes,Yes,No,Yes
260,AGYAPA HOSTEL,4 in 1,7200,14,Yes,Yes,Yes,Yes,No
260,AGYAPA HOSTEL,2 in 1,8400,14,Yes,Yes,Yes,Yes,No
261,SAINT PETERS,2 in 1,7800,13,No,No,Yes,Yes,Yes
261,SAINT PETERS,1 in 1,9100,13,No,No,Yes,Yes,Yes
262,EXECUTIVE HOSTEL,4 in 1,5100,14,Yes,No,Yes,Yes,No
262,EXECUTIVE HOSTEL,3 in 1,5900,14,Yes,No,Yes,Yes,No
262,EXECUTIVE HOSTEL,2 in 1,6600,14,Yes,No,Yes,Yes,No
262,EXECUTIVE HOSTEL,1 in 1,8400,14,Yes,No,Yes,Yes,No
263,SAMENS HOSTEL,3 in 1,7800,14,Yes,Yes,No,No,Yes
263,SAMENS HOSTEL,2 in 1,9600,14,Yes,Yes,No,No,Yes
264,KODUA'S HOSTEL,2 in 1,3700,14,Yes,No,No,No,No
264,KODUA'S HOSTEL,1 in 1,5500,14,Yes,No,No,No,No
265,MD HOSTEL,4 in 1,5400,14,Yes,Yes,Yes,Yes,No
265,MD HOSTEL,2 in 1,7100,14,Yes,Yes,Yes,Yes,No
266,ADAMS HOSTEL,4 in 1,4600,14,No,Yes,Yes,Yes,Yes
266,ADAMS HOSTEL,3 in 1,5800,14,No,Yes,Yes,Yes,Yes
266,ADAMS HOSTEL,2 in 1,7400,14,No,Yes,Yes,Yes,Yes
266,ADAMS HOSTEL,1 in 1,8600,14,No,Yes,Yes,Yes,Yes
267,JOSHUA HOSTEL,4 in 1,5000,14,Yes,Yes,Yes,No,No
267,JOSHUA HOSTEL,3 in 1,7900,14,Yes,Yes,Yes,No,No
267,JOSHUA HOSTEL,2 in 1,9200,14,Yes,Yes,Yes,No,No
268,BAANOVA HOSTEL,3 in 1,7000,14,Yes,Yes,Yes,No,Yes
268,BAANOVA HOSTEL,2 in 1,8100,14,Yes,Yes,Yes,No,Yes
268,BAANOVA HOSTEL,1 in 1,8200,14,Yes,Yes,Yes,No,Yes
269,SANDOZ HOSTEL,3 in 1,7600,14,Yes,No,No,Yes,No
269,SANDOZ HOSTEL,2 in 1,8100,14,Yes,No,No,Yes,No
270,HOMESTEL (NO NAME) 22,2 in 1,6300,14,Yes,No,No,Yes,Yes
270,HOMESTEL (NO NAME) 22,1 in 1,8000,14,Yes,No,No,Yes,Yes
271,PELICAN HOSTEL,3 in 1,6000,14,Yes,No,Yes,No,Yes
271,PELICAN HOSTEL,2 in 1,7400,14,Yes,No,Yes,No,Yes
271,PELICAN HOSTEL,1 in 1,8800,14,Yes,No,Yes,No,Yes
272,EVERGREEN EXECUTIVE HOSTEL,3 in 1,4400,14,Yes,Yes,Yes,Yes,No
272,EVERGREEN EXECUTIVE HOSTEL,2 in 1,6500,14,Yes,Yes,Yes,Yes,No
272,EVERGREEN EXECUTIVE HOSTEL,1 in 1,7600,14,Yes,Yes,Yes,Yes,No
273,ADU KWAINING,4 in 1,3400,14,No,No,Yes,No,No
273,ADU KWAINING,3 in 1,6600,14,No,No,Yes,No,No
273,ADU KWAINING,2 in 1,6800,14,No,No,Yes,No,No
273,ADU KWAINING,1 in 1,7900,14,No,No,Yes,No,No
274,MINKA HOSTEL,3 in 1,8700,14,Yes,Yes,No,No,Yes
274,MINKA HOSTEL,2 in 1,8800,14,Yes,Yes,No,No,Yes
275,KATE WILLIAMS,2 in 1,5400,14,No,Yes,Yes,No,No
275,KATE WILLIAMS,1 in 1,7800,14,No,Yes,Yes,No,No
276,NOBLES HOSTEL,2 in 1,7200,14,No,No,Yes,No,No
276,NOBLES HOSTEL,1 in 1,7400,14,No,No,Yes,No,No
277,PARTNERS HOSTEL,4 in 1,7100,14,Yes,No,Yes,Yes,No
277,PARTNERS HOSTEL,3 in 1,8000,14,Yes,No,Yes,Yes,No
278,MARANATHA,4 in 1,6400,14,Yes,No,No,Yes,Yes
278,MARANATHA,2 in 1,9600,14,Yes,No,No,Yes,Yes
279,KOSADOS ARENA HOTEL,4 in 1,6200,14,Yes,Yes,Yes,No,Yes
279,KOSADOS ARENA HOTEL,3 in 1,7800,14,Yes,Yes,Yes,No,Yes
280,LION OF JUDAH,4 in 1,7100,6,Yes,Yes,Yes,No,Yes
280,LION OF JUDAH,3 in 1,7700,6,Yes,Yes,Yes,No,Yes
280,LION OF JUDAH,2 in 1,8400,6,Yes,Yes,Yes,No,Yes
280,LION OF JUDAH,1 in 1,9800,6,Yes,Yes,Yes,No,Yes
281,THY WILL HOSTEL,4 in 1,9100,14,Yes,Yes,Yes,No,Yes
281,THY WILL HOSTEL,3 in 1,9300,14,Yes,Yes,Yes,No,Yes
282,JALEX HOSTEL ANNEX,3 in 1,3900,9,Yes,Yes,No,Yes,Yes
282,JALEX HOSTEL ANNEX,2 in 1,5600,9,Yes,Yes,No,Yes,Yes
282,JALEX HOSTEL ANNEX,1 in 1,8000,9,Yes,Yes,No,Yes,Yes
283,MANU MEMORIAL HOSTEL,4 in 1,4600,14,Yes,Yes,No,Yes,No
283,MANU MEMORIAL HOSTEL,3 in 1,7700,14,Yes,Yes,No,Yes,No
283,MANU MEMORIAL HOSTEL,2 in 1,8000,14,Yes,Yes,No,Yes,No
283,MANU MEMORIAL HOSTEL,1 in 1,8400,14,Yes,Yes,No,Yes,No
284,NYBERG (RISING STAR HOSTEL),4 in 1,5300,14,Yes,Yes,No,Yes,Yes
284,NYBERG (RISING STAR HOSTEL),3 in 1,5600,14,Yes,Yes,No,Yes,Yes
284,NYBERG (RISING STAR HOSTEL),2 in 1,7400,14,Yes,Yes,No,Yes,Yes
284,NYBERG (RISING STAR HOSTEL),1 in 1,9200,14,Yes,Yes,No,Yes,Yes
285,CRYSTAL PALACE HOSTEL,4 in 1,6600,14,No,Yes,Yes,Yes,No
285,CRYSTAL PALACE HOSTEL,3 in 1,7500,14,No,Yes,Yes,Yes,No
285,CRYSTAL PALACE HOSTEL,2 in 1,8200,14,No,Yes,Yes,Yes,No
286,EDEN VILLE,4 in 1,4500,14,Yes,Yes,Yes,No,No
286,EDEN VILLE,3 in 1,9200,14,Yes,Yes,Yes,No,No
287,SPEKKS HOSTEL,4 in 1,7000,30,No,Yes,No,No,No
287,SPEKKS HOSTEL,3 in 1,7700,30,No,Yes,No,No,No
287,SPEKKS HOSTEL,2 in 1,8300,30,No,Yes,No,No,No
287,SPEKKS HOSTEL,1 in 1,9400,30,No,Yes,No,No,No
288,DUFIE,2 in 1,3900,14,Yes,Yes,Yes,No,No
288,DUFIE,1 in 1,8300,14,Yes,Yes,Yes,No,No
289,HOSTEL DE DIONNE (CHLOE),4 in 1,6400,125,Yes,Yes,Yes,No,No
289,HOSTEL DE DIONNE (CHLOE),3 in 1,9000,125,Yes,Yes,Yes,No,No
289,HOSTEL DE DIONNE (CHLOE),2 in 1,9500,125,Yes,Yes,Yes,No,No
290,LA CASA MARIA,3 in 1,5000,25,Yes,Yes,No,No,No
290,LA CASA MARIA,2 in 1,6400,25,Yes,Yes,No,No,No
291,FORTUNE ROYAL,4 in 1,4700,15,No,No,No,Yes,No
291,FORTUNE ROYAL,3 in 1,8800,15,No,No,No,Yes,No
292,WAGYINGO ONYX,4 in 1,5400,13,No,No,No,Yes,Yes
292,WAGYINGO ONYX,3 in 1,7800,13,No,No,No,Yes,Yes
292,WAGYINGO ONYX,2 in 1,9500,13,No,No,No,Yes,Yes
293,BANNAT MANOR,3 in 1,3800,14,Yes,No,No,No,No
293,BANNAT MANOR,2 in 1,4200,14,Yes,No,No,No,No
294,NABBS,4 in 1,4000,6,Yes,No,Yes,Yes,No
294,NABBS,3 in 1,6500,6,Yes,No,Yes,Yes,No
294,NABBS,2 in 1,7300,6,Yes,No,Yes,Yes,No
294,NABBS,1 in 1,7500,6,Yes,No,Yes,Yes,No
295,ST. THERESA'S,4 in 1,5300,8,Yes,No,No,Yes,No
295,ST. THERESA'S,3 in 1,6400,8,Yes,No,No,Yes,No
296,HILTON HOSTEL,4 in 1,8600,8,No,No,Yes,Yes,Yes
296,HILTON HOSTEL,3 in 1,9400,8,No,No,Yes,Yes,Yes
297,EL-SHADDAI 2,3 in 1,4600,14,No,Yes,No,No,No
297,EL-SHADDAI 2,2 in 1,6000,14,No,Yes,No,No,No
297,EL-SHADDAI 2,1 in 1,6100,14,No,Yes,No,No,No
298,DAANKWA HOSTEL,4 in 1,8900,14,Yes,No,No,No,Yes
298,DAANKWA HOSTEL,3 in 1,9500,14,Yes,No,No,No,Yes
299,KANKANNA HOSTEL,4 in 1,8100,14,Yes,No,Yes,Yes,Yes
299,KANKANNA HOSTEL,2 in 1,8900,14,Yes,No,Yes,Yes,Yes
300,BRAYIE HOSTEL,3 in 1,6100,14,No,Yes,Yes,No,Yes
300,BRAYIE HOSTEL,2 in 1,8000,14,No,Yes,Yes,No,Yes
300,BRAYIE HOSTEL,1 in 1,9000,14,No,Yes,Yes,No,Yes
301,ANGELIX HOSTEL,3 in 1,6400,14,Yes,No,No,Yes,No
301,ANGELIX HOSTEL,2 in 1,8100,14,Yes,No,No,Yes,No
302,LORD J,4 in 1,6600,14,Yes,No,Yes,No,Yes
302,LORD J,3 in 1,8000,14,Yes,No,Yes,No,Yes
302,LORD J,2 in 1,8700,14,Yes,No,Yes,No,Yes
302,LORD J,1 in 1,9400,14,Yes,No,Yes,No,Yes
303,HOSTEL DE-NAD,3 in 1,4500,14,Yes,Yes,No,Yes,Yes
303,HOSTEL DE-NAD,2 in 1,7400,14,Yes,Yes,No,Yes,Yes
303,HOSTEL DE-NAD,1 in 1,8000,14,Yes,Yes,No,Yes,Yes
304,NEVADA ANNEX,3 in 1,7800,14,No,Yes,No,Yes,Yes
304,NEVADA ANNEX,2 in 1,9000,14,No,Yes,No,Yes,Yes
305,SUNRISE,3 in 1,6900,14,No,Yes,Yes,Yes,No
305,SUNRISE,2 in 1,8000,14,No,Yes,Yes,Yes,No
306,DYNAMIC HOSTEL,4 in 1,7400,14,Yes,No,Yes,Yes,No
306,DYNAMIC HOSTEL,2 in 1,8600,14,Yes,No,Yes,Yes,No
307,MIHAN HOSTEL,4 in 1,6400,14,Yes,Yes,Yes,Yes,No
307,MIHAN HOSTEL,3 in 1,7500,14,Yes,Yes,Yes,Yes,No
307,MIHAN HOSTEL,2 in 1,8800,14,Yes,Yes,Yes,Yes,No
308,WAJINGA,4 in 1,3400,14,Yes,Yes,No,Yes,Yes
308,WAJINGA,3 in 1,6500,14,Yes,Yes,No,Yes,Yes
308,WAJINGA,2 in 1,8800,14,Yes,Yes,No,Yes,Yes
308,WAJINGA,1 in 1,9800,14,Yes,Yes,No,Yes,Yes
309,PLATINUM VILLE,4 in 1,3400,14,Yes,Yes,No,No,No
309,PLATINUM VILLE,3 in 1,6600,14,Yes,Yes,No,No,No
310,GOOD NEWS HOSTEL,4 in 1,6200,14,Yes,Yes,No,Yes,Yes
310,GOOD NEWS HOSTEL,3 in 1,6600,14,Yes,Yes,No,Yes,Yes
310,GOOD NEWS HOSTEL,2 in 1,8100,14,Yes,Yes,No,Yes,Yes
310,GOOD NEWS HOSTEL,1 in 1,8900,14,Yes,Yes,No,Yes,Yes
311,FRONTLINE PREMIUM,4 in 1,5700,14,Yes,No,No,No,No
311,FRONTLINE PREMIUM,3 in 1,6300,14,Yes,No,No,No,No
311,FRONTLINE PREMIUM,2 in 1,8800,14,Yes,No,No,No,No
311,FRONTLINE PREMIUM,1 in 1,9000,14,Yes,No,No,No,No
312,EVANDY ANNEX,3 in 1,9200,11,No,No,Yes,No,Yes
312,EVANDY ANNEX,2 in 1,9400,11,No,No,Yes,No,Yes
313,RISING SUN,3 in 1,5000,14,Yes,Yes,Yes,No,Yes
313,RISING SUN,2 in 1,8800,14,Yes,Yes,Yes,No,Yes
313,RISING SUN,1 in 1,9100,14,Yes,Yes,Yes,No,Yes
314,CHRIST THE KING,4 in 1,3600,14,Yes,No,No,Yes,Yes
314,CHRIST THE KING,3 in 1,7000,14,Yes,No,No,Yes,Yes
314,CHRIST THE KING,2 in 1,8000,14,Yes,No,No,Yes,Yes
314,CHRIST THE KING,1 in 1,8600,14,Yes,No,No,Yes,Yes
315,NYANTAKYI SAMUEL,4 in 1,4600,14,Yes,Yes,Yes,No,Yes
315,NYANTAKYI SAMUEL,3 in 1,5400,14,Yes,Yes,Yes,No,Yes
315,NYANTAKYI SAMUEL,2 in 1,6800,14,Yes,Yes,Yes,No,Yes
315,NYANTAKYI SAMUEL,1 in 1,7400,14,Yes,Yes,Yes,No,Yes
316,A.B HOSTEL,4 in 1,5500,10,Yes,No,Yes,No,No
316,A.B HOSTEL,3 in 1,6000,10,Yes,No,Yes,No,No
317,THESS HOSTEL,3 in 1,7100,5,Yes,Yes,No,No,No
317,THESS HOSTEL,2 in 1,8200,5,Yes,Yes,No,No,No
317,THESS HOSTEL,1 in 1,8400,5,Yes,Yes,No,No,No
318,SIEYHA HOSTEL,3 in 1,5600,40,No,Yes,Yes,Yes,No
318,SIEYHA HOSTEL,2 in 1,6800,40,No,Yes,Yes,Yes,No
319,ADEPA,2 in 1,6800,14,Yes,Yes,No,No,Yes
319,ADEPA,1 in 1,7500,14,Yes,Yes,No,No,Yes
320,ROSJUD,4 in 1,4400,14,No,No,No,Yes,No
320,ROSJUD,3 in 1,5800,14,No,No,No,Yes,No
320,ROSJUD,2 in 1,8000,14,No,No,No,Yes,No
321,DENAD,4 in 1,9400,14,Yes,Yes,Yes,Yes,Yes
321,DENAD,2 in 1,9500,14,Yes,Yes,Yes,Yes,Yes
322,YALE HOSTEL,4 in 1,7000,14,Yes,No,Yes,No,Yes
322,YALE HOSTEL,3 in 1,8200,14,Yes,No,Yes,No,Yes
323,FLINT ANNEX,4 in 1,3600,10,Yes,No,Yes,No,No
323,FLINT ANNEX,3 in 1,6400,10,Yes,No,Yes,No,No
323,FLINT ANNEX,2 in 1,7800,10,Yes,No,Yes,No,No
324,OSAAH HOSTEL,4 in 1,7300,50,Yes,No,Yes,No,Yes
324,OSAAH HOSTEL,3 in 1,8000,50,Yes,No,Yes,No,Yes
324,OSAAH HOSTEL,2 in 1,9400,50,Yes,No,Yes,No,Yes
325,N.A.A HOSTEL,3 in 1,7500,50,Yes,Yes,Yes,No,Yes
325,N.A.A HOSTEL,2 in 1,8900,50,Yes,Yes,Yes,No,Yes
326,KAIROS CHRONOS HOSTEL,4 in 1,4900,10,Yes,No,No,No,No
326,KAIROS CHRONOS HOSTEL,3 in 1,6400,10,Yes,No,No,No,No
326,KAIROS CHRONOS HOSTEL,2 in 1,7900,10,Yes,No,No,No,No
326,KAIROS CHRONOS HOSTEL,1 in 1,9400,10,Yes,No,No,No,No
327,MELINDA HOSTEL,4 in 1,6900,12,Yes,Yes,No,Yes,No
327,MELINDA HOSTEL,3 in 1,8400,12,Yes,Yes,No,Yes,No
327,MELINDA HOSTEL,2 in 1,8800,12,Yes,Yes,No,Yes,No
327,MELINDA HOSTEL,1 in 1,8900,12,Yes,Yes,No,Yes,No
328,MAXI HOSTEL,4 in 1,4300,14,Yes,No,Yes,No,No
328,MAXI HOSTEL,2 in 1,9200,14,Yes,No,Yes,No,No
329,WAGYINGO OPAL,2 in 1,6800,14,Yes,No,Yes,Yes,Yes
329,WAGYINGO OPAL,1 in 1,9700,14,Yes,No,Yes,Yes,Yes
330,VICTORY TOWERS ANNEX,4 in 1,4900,10,Yes,No,Yes,Yes,No
330,VICTORY TOWERS ANNEX,3 in 1,5500,10,Yes,No,Yes,Yes,No
331,KENSINGTON,4 in 1,3900,14,Yes,Yes,Yes,Yes,Yes
331,KENSINGTON,3 in 1,5500,14,Yes,Yes,Yes,Yes,Yes
331,KENSINGTON,2 in 1,7800,14,Yes,Yes,Yes,Yes,Yes
331,KENSINGTON,1 in 1,8200,14,Yes,Yes,Yes,Yes,Yes
332,ALTITUDE HOSTEL,4 in 1,5200,14,Yes,No,No,Yes,Yes
332,ALTITUDE HOSTEL,3 in 1,6500,14,Yes,No,No,Yes,Yes
332,ALTITUDE HOSTEL,2 in 1,8700,14,Yes,No,No,Yes,Yes
333,NAVAS HOSTEL,4 in 1,7300,14,Yes,No,No,Yes,Yes
333,NAVAS HOSTEL,3 in 1,8000,14,Yes,No,No,Yes,Yes
334,KHARIS COURT HOSTEL,4 in 1,5300,14,Yes,Yes,No,Yes,Yes
334,KHARIS COURT HOSTEL,3 in 1,8800,14,Yes,Yes,No,Yes,Yes
335,PAVILION HOSTEL,4 in 1,4800,14,Yes,No,Yes,No,No
335,PAVILION HOSTEL,3 in 1,9200,14,Yes,No,Yes,No,No
336,KUMASI INTERNATIONAL HOSTEL,2 in 1,7400,14,Yes,Yes,Yes,No,No
336,KUMASI INTERNATIONAL HOSTEL,1 in 1,8900,14,Yes,Yes,Yes,No,No
337,PRINCE VILLE,3 in 1,3800,14,Yes,Yes,Yes,No,No
337,PRINCE VILLE,2 in 1,9600,14,Yes,Yes,Yes,No,No
338,ADUTSWUMWAA HOSTEL,4 in 1,6100,14,Yes,Yes,Yes,Yes,No
338,ADUTSWUMWAA HOSTEL,3 in 1,6500,14,Yes,Yes,Yes,Yes,No
338,ADUTSWUMWAA HOSTEL,2 in 1,7400,14,Yes,Yes,Yes,Yes,No
338,ADUTSWUMWAA HOSTEL,1 in 1,8000,14,Yes,Yes,Yes,Yes,No
339,BKF HOSTEL,4 in 1,7300,14,Yes,Yes,No,Yes,No
339,BKF HOSTEL,3 in 1,8700,14,Yes,Yes,No,Yes,No
339,BKF HOSTEL,2 in 1,9500,14,Yes,Yes,No,Yes,No
340,WESTERN CHAMBERS,1 in 1,8900,12,Yes,No,Yes,No,No
340,WESTERN CHAMBERS,4 in 1,5300,12,Yes,No,Yes,No,No
341,ATLANTIC COURT,1 in 1,9000,30,Yes,Yes,Yes,No,Yes
341,ATLANTIC COURT,3 in 1,8900,30,Yes,Yes,Yes,No,Yes
342,KRONUM VILLAGE,4 in 1,5200,13,Yes,No,No,No,Yes
342,KRONUM VILLAGE,1 in 1,8200,13,Yes,No,No,No,Yes
342,KRONUM VILLAGE,2 in 1,9700,13,Yes,No,No,No,Yes
342,KRONUM VILLAGE,3 in 1,7800,13,Yes,No,No,No,Yes
343,SUNSET POINT,2 in 1,6900,6,Yes,No,No,No,Yes
343,SUNSET POINT,3 in 1,7400,6,Yes,No,No,No,Yes
343,SUNSET POINT,1 in 1,8000,6,Yes,No,No,No,Yes
343,SUNSET POINT,4 in 1,4800,6,Yes,No,No,No,Yes
344,KENSINGTON PARK,3 in 1,7000,13,No,No,No,Yes,Yes
344,KENSINGTON PARK,2 in 1,5000,13,No,No,No,Yes,Yes
345,CONTINENTAL GATE,2 in 1,5200,12,Yes,No,No,No,No
345,CONTINENTAL GATE,4 in 1,4700,12,Yes,No,No,No,No
346,GRACE HALL,4 in 1,4000,8,Yes,Yes,Yes,Yes,No
346,GRACE HALL,1 in 1,8700,8,Yes,Yes,Yes,Yes,No
347,DEDURU HEIGHTS,2 in 1,6300,50,Yes,No,Yes,Yes,No
347,DEDURU HEIGHTS,3 in 1,4600,50,Yes,No,Yes,Yes,No
348,CENTRAL CHAMBERS,2 in 1,9600,10,Yes,Yes,Yes,No,No
348,CENTRAL CHAMBERS,4 in 1,5200,10,Yes,Yes,Yes,No,No
349,OPAL PLACE,1 in 1,8500,9,Yes,Yes,Yes,No,No
349,OPAL PLACE,2 in 1,5600,9,Yes,Yes,Yes,No,No
350,SILVER LODGE,4 in 1,4700,11,Yes,Yes,Yes,No,No
350,SILVER LODGE,2 in 1,7700,11,Yes,Yes,Yes,No,No
350,SILVER LODGE,3 in 1,5000,11,Yes,Yes,Yes,No,No
350,SILVER LODGE,1 in 1,8800,11,Yes,Yes,Yes,No,No
351,SUNRISE MANOR,2 in 1,6700,20,Yes,No,Yes,No,Yes
351,SUNRISE MANOR,4 in 1,5100,20,Yes,No,Yes,No,Yes
351,SUNRISE MANOR,3 in 1,5800,20,Yes,No,Yes,No,Yes
351,SUNRISE MANOR,1 in 1,9800,20,Yes,No,Yes,No,Yes
352,SUNSET RESIDENCE,4 in 1,5500,10,Yes,No,Yes,No,Yes
352,SUNSET RESIDENCE,2 in 1,6100,10,Yes,No,Yes,No,Yes
353,SAPPHIRE VILLAGE,4 in 1,6700,12,Yes,Yes,Yes,Yes,No
353,SAPPHIRE VILLAGE,3 in 1,4900,12,Yes,Yes,Yes,Yes,No
353,SAPPHIRE VILLAGE,1 in 1,8600,12,Yes,Yes,Yes,Yes,No
354,AYEDUASE POINT,4 in 1,2600,14,Yes,Yes,No,No,No
354,AYEDUASE POINT,2 in 1,5700,14,Yes,Yes,No,No,No
355,OAK RETREAT,2 in 1,7800,55,No,Yes,No,Yes,No
355,OAK RETREAT,3 in 1,7700,55,No,Yes,No,Yes,No
355,OAK RETREAT,1 in 1,8600,55,No,Yes,No,Yes,No
355,OAK RETREAT,4 in 1,5300,55,No,Yes,No,Yes,No
356,SPRING HALL,2 in 1,7100,10,Yes,No,No,No,Yes
356,SPRING HALL,4 in 1,3300,10,Yes,No,No,No,Yes
357,OFORIKROM HALL,1 in 1,7700,55,Yes,No,Yes,Yes,Yes
357,OFORIKROM HALL,2 in 1,6900,55,Yes,No,Yes,Yes,Yes
357,OFORIKROM HALL,3 in 1,8200,55,Yes,No,Yes,Yes,Yes
357,OFORIKROM HALL,4 in 1,6000,55,Yes,No,Yes,Yes,Yes
358,DEDURU HOSTEL,3 in 1,4100,10,Yes,No,Yes,No,Yes
358,DEDURU HOSTEL,4 in 1,6000,10,Yes,No,Yes,No,Yes
359,KOTEI GATE,4 in 1,4900,30,Yes,No,Yes,No,Yes
359,KOTEI GATE,1 in 1,7800,30,Yes,No,Yes,No,Yes
359,KOTEI GATE,2 in 1,8400,30,Yes,No,Yes,No,Yes
360,SUNRISE HALL,4 in 1,7000,15,No,Yes,Yes,No,Yes
360,SUNRISE HALL,3 in 1,8000,15,No,Yes,Yes,No,Yes
361,PEARL MANSION,4 in 1,4300,35,No,Yes,Yes,No,No
361,PEARL MANSION,3 in 1,6200,35,No,Yes,Yes,No,No
361,PEARL MANSION,1 in 1,8700,35,No,Yes,Yes,No,No
361,PEARL MANSION,2 in 1,8900,35,No,Yes,Yes,No,No
362,SUNRISE COMPLEX,1 in 1,7900,6,Yes,No,Yes,Yes,No
362,SUNRISE COMPLEX,4 in 1,5200,6,Yes,No,Yes,Yes,No
362,SUNRISE COMPLEX,3 in 1,5100,6,Yes,No,Yes,Yes,No
362,SUNRISE COMPLEX,2 in 1,5900,6,Yes,No,Yes,Yes,No
363,MAYFAIR PLAZA,1 in 1,9200,80,Yes,Yes,Yes,No,Yes
363,MAYFAIR PLAZA,3 in 1,8600,80,Yes,Yes,Yes,No,Yes
363,MAYFAIR PLAZA,2 in 1,7400,80,Yes,Yes,Yes,No,Yes
364,COZY HOMES,4 in 1,7000,10,Yes,No,No,Yes,Yes
364,COZY HOMES,1 in 1,8800,10,Yes,No,No,Yes,Yes
365,KENTINKRONO HOSTEL,2 in 1,6700,70,No,No,Yes,Yes,No
365,KENTINKRONO HOSTEL,3 in 1,7200,70,No,No,Yes,Yes,No
366,BOMSO COURT,2 in 1,9700,12,Yes,Yes,Yes,Yes,No
366,BOMSO COURT,4 in 1,5400,12,Yes,Yes,Yes,Yes,No
367,SUMMIT VILLA,2 in 1,9700,6,Yes,No,Yes,Yes,No
367,SUMMIT VILLA,4 in 1,2600,6,Yes,No,Yes,Yes,No
368,RUBY GARDENS,3 in 1,7900,8,Yes,No,Yes,No,Yes
368,RUBY GARDENS,2 in 1,7700,8,Yes,No,Yes,No,Yes
369,GLORY CORNER,2 in 1,7100,6,No,Yes,No,No,No
369,GLORY CORNER,4 in 1,5600,6,No,Yes,No,No,No
370,PLATINUM MANSION,2 in 1,5000,20,Yes,No,No,No,No
370,PLATINUM MANSION,3 in 1,6300,20,Yes,No,No,No,No
371,BOADI VILLAGE,1 in 1,8800,50,Yes,No,Yes,Yes,No
371,BOADI VILLAGE,2 in 1,9600,50,Yes,No,Yes,Yes,No
372,CENTRAL VIEW,3 in 1,5900,12,Yes,No,No,Yes,No
372,CENTRAL VIEW,1 in 1,7600,12,Yes,No,No,Yes,No
372,CENTRAL VIEW,2 in 1,6900,12,Yes,No,No,Yes,No
373,CRYSTAL HOSTEL,1 in 1,9300,50,Yes,Yes,No,Yes,Yes
373,CRYSTAL HOSTEL,4 in 1,6000,50,Yes,Yes,No,Yes,Yes
373,CRYSTAL HOSTEL,2 in 1,6800,50,Yes,Yes,No,Yes,Yes
373,CRYSTAL HOSTEL,3 in 1,7400,50,Yes,Yes,No,Yes,Yes
374,BOADI ANNEX,2 in 1,7700,9,Yes,Yes,Yes,No,No
374,BOADI ANNEX,3 in 1,8100,9,Yes,Yes,Yes,No,No
374,BOADI ANNEX,1 in 1,7700,9,Yes,Yes,Yes,No,No
374,BOADI ANNEX,4 in 1,5000,9,Yes,Yes,Yes,No,No
375,WOODLAND VILLAGE,4 in 1,4900,50,No,No,No,Yes,Yes
375,WOODLAND VILLAGE,1 in 1,7000,50,No,No,No,Yes,Yes
375,WOODLAND VILLAGE,2 in 1,8000,50,No,No,No,Yes,Yes
376,HORIZON HOSTEL,4 in 1,5900,6,Yes,No,No,Yes,Yes
376,HORIZON HOSTEL,2 in 1,7600,6,Yes,No,No,Yes,Yes
377,ROYAL OASIS,2 in 1,7200,13,Yes,Yes,Yes,No,No
377,ROYAL OASIS,4 in 1,3400,13,Yes,Yes,Yes,No,No
377,ROYAL OASIS,3 in 1,6100,13,Yes,Yes,Yes,No,No
378,BRIGHTON COURT,2 in 1,7100,12,No,No,Yes,Yes,No
378,BRIGHTON COURT,1 in 1,7600,12,No,No,Yes,Yes,No
379,AMBER PARK,1 in 1,8300,20,Yes,No,No,No,Yes
379,AMBER PARK,3 in 1,7200,20,Yes,No,No,No,Yes
379,AMBER PARK,4 in 1,8300,20,Yes,No,No,No,Yes
380,FAITH CHAMBERS,3 in 1,6900,5,No,No,Yes,No,Yes
380,FAITH CHAMBERS,1 in 1,8700,5,No,No,Yes,No,Yes
381,STAR INN,4 in 1,5400,55,Yes,Yes,No,No,No
381,STAR INN,3 in 1,4000,55,Yes,Yes,No,No,No
382,EMENA APARTMENTS,4 in 1,5500,15,Yes,No,Yes,No,No
382,EMENA APARTMENTS,3 in 1,6700,15,Yes,No,Yes,No,No
383,GREENFIELD TOWERS,3 in 1,9500,45,Yes,No,Yes,No,No
383,GREENFIELD TOWERS,2 in 1,7300,45,Yes,No,Yes,No,No
383,GREENFIELD TOWERS,4 in 1,6000,45,Yes,No,Yes,No,No
384,KENSINGTON APARTMENTS,3 in 1,6600,20,Yes,Yes,No,No,No
384,KENSINGTON APARTMENTS,4 in 1,3800,20,Yes,Yes,No,No,No
385,BOADI HAVEN,2 in 1,9100,6,No,No,Yes,Yes,No
385,BOADI HAVEN,4 in 1,6600,6,No,No,Yes,Yes,No
386,SUSUANSO HOMES,1 in 1,9200,12,Yes,Yes,No,Yes,No
386,SUSUANSO HOMES,4 in 1,4100,12,Yes,Yes,No,Yes,No
387,SUMMIT TOWERS,4 in 1,7600,4,Yes,Yes,Yes,No,Yes
387,SUMMIT TOWERS,2 in 1,5600,4,Yes,Yes,Yes,No,Yes
387,SUMMIT TOWERS,1 in 1,9000,4,Yes,Yes,Yes,No,Yes
388,NOBLE JUNCTION,2 in 1,9800,55,Yes,Yes,Yes,No,Yes
388,NOBLE JUNCTION,4 in 1,4000,55,Yes,Yes,Yes,No,Yes
389,TOPAZ GATE,2 in 1,6800,11,Yes,Yes,Yes,No,Yes
389,TOPAZ GATE,3 in 1,6800,11,Yes,Yes,Yes,No,Yes
389,TOPAZ GATE,1 in 1,7900,11,Yes,Yes,Yes,No,Yes
390,MODERN JUNCTION,2 in 1,5400,15,Yes,No,No,Yes,Yes
390,MODERN JUNCTION,4 in 1,5600,15,Yes,No,No,Yes,Yes
391,OXFORD LODGE,3 in 1,5100,12,Yes,Yes,No,Yes,No
391,OXFORD LODGE,1 in 1,8900,12,Yes,Yes,No,Yes,No
391,OXFORD LODGE,2 in 1,6300,12,Yes,Yes,No,Yes,No
392,FAMILY RETREAT,4 in 1,7800,15,Yes,No,No,No,Yes
392,FAMILY RETREAT,3 in 1,5500,15,Yes,No,No,No,Yes
393,KOTEI MANOR,4 in 1,5000,7,Yes,Yes,Yes,Yes,Yes
393,KOTEI MANOR,3 in 1,7800,7,Yes,Yes,Yes,Yes,Yes
393,KOTEI MANOR,2 in 1,5900,7,Yes,Yes,Yes,Yes,Yes
394,RIVERSIDE APARTMENTS,4 in 1,5800,8,Yes,Yes,No,No,Yes
394,RIVERSIDE APARTMENTS,2 in 1,9300,8,Yes,Yes,No,No,Yes
394,RIVERSIDE APARTMENTS,1 in 1,6900,8,Yes,Yes,No,No,Yes
395,HOPE RETREAT,2 in 1,7800,12,Yes,No,Yes,No,No
395,HOPE RETREAT,4 in 1,5900,12,Yes,No,Yes,No,No
395,HOPE RETREAT,1 in 1,9200,12,Yes,No,Yes,No,No
396,EJISU ROAD LODGE HOSTEL,3 in 1,4900,110,Yes,Yes,Yes,No,Yes
396,EJISU ROAD LODGE HOSTEL,1 in 1,7100,110,Yes,Yes,Yes,No,Yes
397,TRIUMPH ESTATE,4 in 1,6300,5,Yes,Yes,Yes,No,Yes
397,TRIUMPH ESTATE,3 in 1,7100,5,Yes,Yes,Yes,No,Yes
398,DEDURU LODGE,1 in 1,8600,110,Yes,Yes,Yes,No,No
398,DEDURU LODGE,2 in 1,8000,110,Yes,Yes,Yes,No,No
399,REGAL LODGE,3 in 1,5700,90,Yes,Yes,Yes,No,No
399,REGAL LODGE,4 in 1,5800,90,Yes,Yes,Yes,No,No
399,REGAL LODGE,1 in 1,8700,90,Yes,Yes,Yes,No,No
400,UNITY COURT,2 in 1,6600,60,Yes,Yes,Yes,No,No
400,UNITY COURT,4 in 1,8300,60,Yes,Yes,Yes,No,No
400,UNITY COURT,1 in 1,8900,60,Yes,Yes,Yes,No,No
401,EMENA COMPLEX,2 in 1,5900,6,No,Yes,No,No,No
401,EMENA COMPLEX,4 in 1,6500,6,No,Yes,No,No,No
401,EMENA COMPLEX,1 in 1,7500,6,No,Yes,No,No,No
401,EMENA COMPLEX,3 in 1,7800,6,No,Yes,No,No,No
402,ASHFORD LODGE,1 in 1,9500,6,Yes,Yes,Yes,No,No
402,ASHFORD LODGE,2 in 1,6400,6,Yes,Yes,Yes,No,No
403,NOBLE RETREAT,2 in 1,8900,6,Yes,Yes,Yes,Yes,No
403,NOBLE RETREAT,1 in 1,8800,6,Yes,Yes,Yes,Yes,No
403,NOBLE RETREAT,4 in 1,6700,6,Yes,Yes,Yes,Yes,No
403,NOBLE RETREAT,3 in 1,9400,6,Yes,Yes,Yes,Yes,No
404,ROYAL HEIGHTS,2 in 1,7200,5,Yes,Yes,Yes,Yes,Yes
404,ROYAL HEIGHTS,1 in 1,7700,5,Yes,Yes,Yes,Yes,Yes
404,ROYAL HEIGHTS,3 in 1,5400,5,Yes,Yes,Yes,Yes,Yes
405,OFORIKROM JUNCTION,3 in 1,5500,20,Yes,No,Yes,No,Yes
405,OFORIKROM JUNCTION,4 in 1,5400,20,Yes,No,Yes,No,Yes
406,PREMIER PLAZA,3 in 1,7200,4,Yes,Yes,Yes,Yes,Yes
406,PREMIER PLAZA,2 in 1,7900,4,Yes,Yes,Yes,Yes,Yes
407,EAGLE PLACE,1 in 1,9200,80,Yes,No,No,No,No
407,EAGLE PLACE,4 in 1,5500,80,Yes,No,No,No,No
408,HERITAGE SUITES,1 in 1,9800,10,Yes,No,Yes,Yes,No
408,HERITAGE SUITES,2 in 1,7200,10,Yes,No,Yes,Yes,No
408,HERITAGE SUITES,4 in 1,9400,10,Yes,No,Yes,Yes,No
408,HERITAGE SUITES,3 in 1,7600,10,Yes,No,Yes,Yes,No
409,KRONUM HOSTEL,3 in 1,5400,90,Yes,No,No,Yes,No
409,KRONUM HOSTEL,1 in 1,7400,90,Yes,No,No,Yes,No
410,CEDAR CHAMBERS,4 in 1,6200,50,No,No,Yes,No,No
410,CEDAR CHAMBERS,2 in 1,7200,50,No,No,Yes,No,No
410,CEDAR CHAMBERS,1 in 1,9100,50,No,No,Yes,No,No
410,CEDAR CHAMBERS,3 in 1,7300,50,No,No,Yes,No,No
411,FAITH RETREAT,4 in 1,5400,55,Yes,Yes,No,Yes,Yes
411,FAITH RETREAT,1 in 1,7600,55,Yes,Yes,No,Yes,Yes
412,GOLDEN ESTATE,1 in 1,6900,5,Yes,Yes,No,Yes,No
412,GOLDEN ESTATE,2 in 1,6900,5,Yes,Yes,No,Yes,No
412,GOLDEN ESTATE,3 in 1,7900,5,Yes,Yes,No,Yes,No
412,GOLDEN ESTATE,4 in 1,5800,5,Yes,Yes,No,Yes,No
413,IVORY COURT,3 in 1,4900,55,Yes,No,No,No,No
413,IVORY COURT,4 in 1,5800,55,Yes,No,No,No,No
413,IVORY COURT,1 in 1,8800,55,Yes,No,No,No,No
413,IVORY COURT,2 in 1,6300,55,Yes,No,No,No,No
414,KOTEI JUNCTION,3 in 1,6900,20,Yes,No,Yes,No,No
414,KOTEI JUNCTION,1 in 1,8500,20,Yes,No,Yes,No,No
414,KOTEI JUNCTION,2 in 1,6000,20,Yes,No,Yes,No,No
414,KOTEI JUNCTION,4 in 1,6000,20,Yes,No,Yes,No,No
415,GRACE ANNEX,4 in 1,6300,10,Yes,Yes,Yes,No,Yes
415,GRACE ANNEX,2 in 1,9000,10,Yes,Yes,Yes,No,Yes
415,GRACE ANNEX,3 in 1,8200,10,Yes,Yes,Yes,No,Yes
415,GRACE ANNEX,1 in 1,7100,10,Yes,Yes,Yes,No,Yes
416,SPRING HOSTEL,2 in 1,6300,125,Yes,Yes,No,Yes,No
416,SPRING HOSTEL,3 in 1,7400,125,Yes,Yes,No,Yes,No
416,SPRING HOSTEL,4 in 1,6300,125,Yes,Yes,No,Yes,No
417,PREMIER GATE,1 in 1,8900,9,Yes,Yes,Yes,Yes,No
417,PREMIER GATE,4 in 1,9400,9,Yes,Yes,Yes,Yes,No
418,BLESSING PLACE,4 in 1,6400,14,Yes,No,Yes,No,No
418,BLESSING PLACE,1 in 1,9500,14,Yes,No,Yes,No,No
418,BLESSING PLACE,3 in 1,8000,14,Yes,No,Yes,No,No
419,MERCY GARDENS,1 in 1,9000,10,Yes,No,Yes,Yes,No
419,MERCY GARDENS,2 in 1,7100,10,Yes,No,Yes,Yes,No
420,MAYFAIR MANSION,2 in 1,8600,12,No,No,No,No,No
420,MAYFAIR MANSION,3 in 1,5500,12,No,No,No,No,No
420,MAYFAIR MANSION,4 in 1,5200,12,No,No,No,No,No
420,MAYFAIR MANSION,1 in 1,7900,12,No,No,No,No,No
421,PREMIER COURT,3 in 1,6800,8,Yes,Yes,Yes,Yes,Yes
421,PREMIER COURT,2 in 1,9800,8,Yes,Yes,Yes,Yes,Yes
422,MEADOW GATE,2 in 1,5000,15,Yes,Yes,Yes,No,No
422,MEADOW GATE,1 in 1,9100,15,Yes,Yes,Yes,No,No
423,MODERN VIEW,2 in 1,5300,40,Yes,Yes,No,No,No
423,MODERN VIEW,4 in 1,4800,40,Yes,Yes,No,No,No
423,MODERN VIEW,1 in 1,9500,40,Yes,Yes,No,No,No
424,GREENFIELD COMPLEX,2 in 1,7600,6,Yes,No,No,No,No
424,GREENFIELD COMPLEX,4 in 1,3900,6,Yes,No,No,No,No
425,ASHFORD MANOR,2 in 1,6600,55,No,Yes,No,No,No
425,ASHFORD MANOR,3 in 1,7600,55,No,Yes,No,No,No
426,FAMILY ESTATE,1 in 1,7700,10,Yes,Yes,No,No,Yes
426,FAMILY ESTATE,3 in 1,7000,10,Yes,Yes,No,No,Yes
427,KOTEI MANSION,4 in 1,5600,6,Yes,Yes,Yes,Yes,Yes
427,KOTEI MANSION,3 in 1,5700,6,Yes,Yes,Yes,Yes,Yes
427,KOTEI MANSION,1 in 1,9800,6,Yes,Yes,Yes,Yes,Yes
427,KOTEI MANSION,2 in 1,8400,6,Yes,Yes,Yes,Yes,Yes
428,SUSUANSO ESTATE,1 in 1,6400,10,Yes,Yes,Yes,No,Yes
428,SUSUANSO ESTATE,3 in 1,6900,10,Yes,Yes,Yes,No,Yes
429,OFORIKROM HOSTEL,3 in 1,5700,12,Yes,Yes,Yes,Yes,No
429,OFORIKROM HOSTEL,2 in 1,8700,12,Yes,Yes,Yes,Yes,No
430,KRONUM LODGE HOSTEL,2 in 1,6500,50,Yes,Yes,No,No,No
430,KRONUM LODGE HOSTEL,3 in 1,6500,50,Yes,Yes,No,No,No
431,LAKESIDE CORNER,1 in 1,8900,35,Yes,Yes,Yes,Yes,Yes
431,LAKESIDE CORNER,3 in 1,7900,35,Yes,Yes,Yes,Yes,Yes
432,UNITY LODGE HOSTEL,3 in 1,4900,6,No,No,Yes,No,Yes
432,UNITY LODGE HOSTEL,4 in 1,5000,6,No,No,Yes,No,Yes
433,OPAL VILLA,2 in 1,6900,6,Yes,No,No,No,Yes
433,OPAL VILLA,4 in 1,4500,6,Yes,No,No,No,Yes
433,OPAL VILLA,3 in 1,9200,6,Yes,No,No,No,Yes
434,BLESSING HOSTEL,1 in 1,8800,80,Yes,Yes,No,Yes,Yes
434,BLESSING HOSTEL,4 in 1,3600,80,Yes,Yes,No,Yes,Yes
435,DEDURU MANSION,4 in 1,6900,20,Yes,Yes,Yes,No,Yes
435,DEDURU MANSION,2 in 1,9800,20,Yes,Yes,Yes,No,Yes
436,OFORIKROM PLACE,2 in 1,9000,12,Yes,Yes,Yes,No,No
436,OFORIKROM PLACE,1 in 1,6900,12,Yes,Yes,Yes,No,No
437,LION PLACE,2 in 1,6900,110,Yes,Yes,No,No,Yes
437,LION PLACE,3 in 1,8500,110,Yes,Yes,No,No,Yes
437,LION PLACE,4 in 1,4400,110,Yes,Yes,No,No,Yes
438,BRIGHTON VIEW,1 in 1,8800,4,Yes,Yes,Yes,Yes,Yes
438,BRIGHTON VIEW,3 in 1,7800,4,Yes,Yes,Yes,Yes,Yes
438,BRIGHTON VIEW,2 in 1,6300,4,Yes,Yes,Yes,Yes,Yes
438,BRIGHTON VIEW,4 in 1,5400,4,Yes,Yes,Yes,Yes,Yes
439,WESTERN MANSION,2 in 1,5000,10,No,No,No,No,No
439,WESTERN MANSION,3 in 1,5200,10,No,No,No,No,No
439,WESTERN MANSION,4 in 1,5100,10,No,No,No,No,No
440,CONTINENTAL COMPLEX,2 in 1,5800,14,No,Yes,Yes,No,No
440,CONTINENTAL COMPLEX,4 in 1,7900,14,No,Yes,Yes,No,No
440,CONTINENTAL COMPLEX,3 in 1,4600,14,No,Yes,Yes,No,No
441,CLASSIC HOMES,1 in 1,8000,10,No,Yes,Yes,Yes,Yes
441,CLASSIC HOMES,3 in 1,6900,10,No,Yes,Yes,Yes,Yes
442,EMENA JUNCTION,3 in 1,8800,8,Yes,Yes,Yes,Yes,No
442,EMENA JUNCTION,1 in 1,7000,8,Yes,Yes,Yes,Yes,No
442,EMENA JUNCTION,2 in 1,9100,8,Yes,Yes,Yes,Yes,No
442,EMENA JUNCTION,4 in 1,5500,8,Yes,Yes,Yes,Yes,No
443,BRIGHTON ESTATE,2 in 1,6200,14,Yes,No,Yes,Yes,No
443,BRIGHTON ESTATE,4 in 1,6200,14,Yes,No,Yes,Yes,No
443,BRIGHTON ESTATE,1 in 1,8600,14,Yes,No,Yes,Yes,No
444,PRIME ESTATE,1 in 1,7800,12,No,No,No,No,Yes
444,PRIME ESTATE,2 in 1,7600,12,No,No,No,No,Yes
444,PRIME ESTATE,4 in 1,4900,12,No,No,No,No,Yes
445,FAVOUR GARDENS,4 in 1,5700,20,Yes,No,No,No,No
445,FAVOUR GARDENS,3 in 1,7600,20,Yes,No,No,No,No
445,FAVOUR GARDENS,2 in 1,9700,20,Yes,No,No,No,No
445,FAVOUR GARDENS,1 in 1,7200,20,Yes,No,No,No,No
446,GOLD PLAZA,1 in 1,9800,12,Yes,No,No,No,No
446,GOLD PLAZA,3 in 1,4000,12,Yes,No,No,No,No
446,GOLD PLAZA,4 in 1,5300,12,Yes,No,No,No,No
447,CRYSTAL LODGE HOSTEL,1 in 1,9000,14,Yes,Yes,Yes,Yes,Yes
447,CRYSTAL LODGE HOSTEL,3 in 1,7100,14,Yes,Yes,Yes,Yes,Yes
448,EASTERN GATE,2 in 1,6700,20,No,Yes,No,Yes,Yes
448,EASTERN GATE,3 in 1,6400,20,No,Yes,No,Yes,Yes
448,EASTERN GATE,4 in 1,4800,20,No,Yes,No,Yes,Yes
448,EASTERN GATE,1 in 1,7800,20,No,Yes,No,Yes,Yes
449,NOBLE GATE,1 in 1,9200,55,Yes,No,Yes,Yes,No
449,NOBLE GATE,2 in 1,8000,55,Yes,No,Yes,Yes,No
449,NOBLE GATE,3 in 1,5700,55,Yes,No,Yes,Yes,No
450,SPRING COURT,2 in 1,8800,11,Yes,No,Yes,No,No
450,SPRING COURT,1 in 1,8700,11,Yes,No,Yes,No,No
450,SPRING COURT,3 in 1,7800,11,Yes,No,Yes,No,No
450,SPRING COURT,4 in 1,6400,11,Yes,No,Yes,No,No
451,EAGLE VIEW,1 in 1,7600,45,Yes,Yes,No,Yes,No
451,EAGLE VIEW,2 in 1,6800,45,Yes,Yes,No,Yes,No
452,EASTERN COMPLEX,2 in 1,8600,40,Yes,Yes,No,No,No
452,EASTERN COMPLEX,1 in 1,9000,40,Yes,Yes,No,No,No
452,EASTERN COMPLEX,3 in 1,6600,40,Yes,Yes,No,No,No
453,COZY VILLAGE,1 in 1,8500,13,No,Yes,Yes,Yes,Yes
453,COZY VILLAGE,4 in 1,7400,13,No,Yes,Yes,Yes,Yes
454,SUSUANSO MANOR,3 in 1,5800,70,Yes,Yes,Yes,No,Yes
454,SUSUANSO MANOR,1 in 1,8900,70,Yes,Yes,Yes,No,Yes
454,SUSUANSO MANOR,2 in 1,7300,70,Yes,Yes,Yes,No,Yes
454,SUSUANSO MANOR,4 in 1,5200,70,Yes,Yes,Yes,No,Yes
455,DIAMOND POINT,3 in 1,8300,9,Yes,No,Yes,No,Yes
455,DIAMOND POINT,4 in 1,6700,9,Yes,No,Yes,No,Yes
455,DIAMOND POINT,1 in 1,9200,9,Yes,No,Yes,No,Yes
455,DIAMOND POINT,2 in 1,9300,9,Yes,No,Yes,No,Yes
456,BOADI HALL,3 in 1,6700,45,Yes,No,Yes,No,No
456,BOADI HALL,4 in 1,6500,45,Yes,No,Yes,No,No
456,BOADI HALL,1 in 1,8100,45,Yes,No,Yes,No,No
456,BOADI HALL,2 in 1,8000,45,Yes,No,Yes,No,No
457,KOTEI CORNER,1 in 1,8300,10,Yes,No,No,Yes,No
457,KOTEI CORNER,2 in 1,7700,10,Yes,No,No,Yes,No
457,KOTEI CORNER,3 in 1,7500,10,Yes,No,No,Yes,No
457,KOTEI CORNER,4 in 1,4300,10,Yes,No,No,Yes,No
458,PHOENIX PLACE,2 in 1,9800,14,Yes,Yes,No,Yes,Yes
458,PHOENIX PLACE,4 in 1,4000,14,Yes,Yes,No,Yes,Yes
459,COMFORT LODGE,1 in 1,7200,50,Yes,No,Yes,No,No
459,COMFORT LODGE,3 in 1,8300,50,Yes,No,Yes,No,No
460,JOY ANNEX,2 in 1,8600,12,Yes,Yes,Yes,No,Yes
460,JOY ANNEX,3 in 1,7600,12,Yes,Yes,Yes,No,Yes
460,JOY ANNEX,1 in 1,9000,12,Yes,Yes,Yes,No,Yes
461,KRONUM RETREAT,1 in 1,8400,8,Yes,Yes,No,Yes,No
461,KRONUM RETREAT,4 in 1,4200,8,Yes,Yes,No,Yes,No
461,KRONUM RETREAT,3 in 1,6800,8,Yes,Yes,No,Yes,No
461,KRONUM RETREAT,2 in 1,6600,8,Yes,Yes,No,Yes,No
462,EAGLE POINT,2 in 1,8900,8,Yes,Yes,Yes,Yes,Yes
462,EAGLE POINT,1 in 1,8300,8,Yes,Yes,Yes,Yes,Yes
463,AYIGYA ESTATE,4 in 1,4300,10,Yes,No,Yes,No,No
463,AYIGYA ESTATE,1 in 1,8100,10,Yes,No,Yes,No,No
463,AYIGYA ESTATE,2 in 1,8100,10,Yes,No,Yes,No,No
464,LAKESIDE OASIS,3 in 1,5800,6,Yes,Yes,Yes,No,No
464,LAKESIDE OASIS,2 in 1,6400,6,Yes,Yes,Yes,No,No
465,EAGLE LODGE,1 in 1,8600,8,Yes,No,Yes,Yes,No
465,EAGLE LODGE,3 in 1,7000,8,Yes,No,Yes,Yes,No
465,EAGLE LODGE,4 in 1,4700,8,Yes,No,Yes,Yes,No
466,DIAMOND COURT,1 in 1,8000,14,Yes,Yes,Yes,Yes,No
466,DIAMOND COURT,2 in 1,7900,14,Yes,Yes,Yes,Yes,No
467,MAYFAIR ANNEX,3 in 1,4600,13,Yes,Yes,No,No,No
467,MAYFAIR ANNEX,2 in 1,5600,13,Yes,Yes,No,No,No
467,MAYFAIR ANNEX,4 in 1,4400,13,Yes,Yes,No,No,No
467,MAYFAIR ANNEX,1 in 1,8200,13,Yes,Yes,No,No,No
468,MAYFAIR APARTMENTS,3 in 1,7100,10,No,No,Yes,No,No
468,MAYFAIR APARTMENTS,1 in 1,9800,10,No,No,Yes,No,No
469,PREMIER LODGE HOSTEL,3 in 1,7900,4,Yes,Yes,No,Yes,No
469,PREMIER LODGE HOSTEL,4 in 1,5300,4,Yes,Yes,No,Yes,No
469,PREMIER LODGE HOSTEL,1 in 1,8400,4,Yes,Yes,No,Yes,No
470,DIAMOND PLACE,4 in 1,4000,55,No,No,Yes,No,Yes
470,DIAMOND PLACE,1 in 1,8400,55,No,No,Yes,No,Yes
471,GLORY RESIDENCE,2 in 1,7100,6,Yes,Yes,Yes,Yes,No
471,GLORY RESIDENCE,1 in 1,8700,6,Yes,Yes,Yes,Yes,No
471,GLORY RESIDENCE,3 in 1,5500,6,Yes,Yes,Yes,Yes,No
471,GLORY RESIDENCE,4 in 1,6300,6,Yes,Yes,Yes,Yes,No
472,TRIUMPH CORNER,3 in 1,8900,30,No,No,No,No,No
472,TRIUMPH CORNER,4 in 1,5300,30,No,No,No,No,No
473,LION COURT,3 in 1,7200,10,Yes,Yes,Yes,No,Yes
473,LION COURT,1 in 1,9100,10,Yes,Yes,Yes,No,Yes
473,LION COURT,2 in 1,7000,10,Yes,Yes,Yes,No,Yes
473,LION COURT,4 in 1,5800,10,Yes,Yes,Yes,No,Yes
474,CEDAR PARK,2 in 1,7600,11,Yes,No,Yes,Yes,No
474,CEDAR PARK,4 in 1,5600,11,Yes,No,Yes,Yes,No
475,COMFORT INN,2 in 1,6500,12,Yes,No,Yes,Yes,No
475,COMFORT INN,3 in 1,6700,12,Yes,No,Yes,Yes,No
475,COMFORT INN,4 in 1,6200,12,Yes,No,Yes,Yes,No
475,COMFORT INN,1 in 1,9800,12,Yes,No,Yes,Yes,No
476,RIVERSIDE HOSTEL,4 in 1,6900,70,Yes,Yes,Yes,Yes,No
476,RIVERSIDE HOSTEL,3 in 1,9500,70,Yes,Yes,Yes,Yes,No
476,RIVERSIDE HOSTEL,2 in 1,6500,70,Yes,Yes,Yes,Yes,No
476,RIVERSIDE HOSTEL,1 in 1,9300,70,Yes,Yes,Yes,Yes,No
477,PRIME PLACE,1 in 1,8600,12,No,Yes,No,No,Yes
477,PRIME PLACE,3 in 1,9500,12,No,Yes,No,No,Yes
478,KENSINGTON VIEW,4 in 1,4300,11,Yes,No,No,Yes,Yes
478,KENSINGTON VIEW,1 in 1,7600,11,Yes,No,No,Yes,Yes
478,KENSINGTON VIEW,3 in 1,5800,11,Yes,No,No,Yes,Yes
479,RUBY OASIS,2 in 1,5000,6,No,No,Yes,Yes,No
479,RUBY OASIS,1 in 1,7900,6,No,No,Yes,Yes,No
479,RUBY OASIS,4 in 1,4400,6,No,No,Yes,Yes,No
480,STAR ESTATE,4 in 1,5700,15,Yes,Yes,Yes,Yes,Yes
480,STAR ESTATE,3 in 1,7200,15,Yes,Yes,Yes,Yes,Yes
480,STAR ESTATE,2 in 1,9800,15,Yes,Yes,Yes,Yes,Yes
480,STAR ESTATE,1 in 1,9300,15,Yes,Yes,Yes,Yes,Yes
481,ATLANTIC MANOR,1 in 1,7800,12,Yes,No,Yes,No,Yes
481,ATLANTIC MANOR,4 in 1,4200,12,Yes,No,Yes,No,Yes
482,GLORY ESTATE,1 in 1,8900,15,No,Yes,Yes,No,Yes
482,GLORY ESTATE,4 in 1,3500,15,No,Yes,Yes,No,Yes
482,GLORY ESTATE,3 in 1,9300,15,No,Yes,Yes,No,Yes
482,GLORY ESTATE,2 in 1,9200,15,No,Yes,Yes,No,Yes
483,EJISU ROAD APARTMENTS,4 in 1,4800,20,No,Yes,No,No,No
483,EJISU ROAD APARTMENTS,1 in 1,6800,20,No,Yes,No,No,No
484,BRIGHTON RESIDENCE,2 in 1,9400,6,Yes,No,Yes,No,No
484,BRIGHTON RESIDENCE,4 in 1,5300,6,Yes,No,Yes,No,No
485,GRACE RETREAT,1 in 1,9600,14,Yes,No,Yes,No,No
485,GRACE RETREAT,4 in 1,3100,14,Yes,No,Yes,No,No
486,SPRING PARK,3 in 1,5800,12,Yes,Yes,Yes,No,No
486,SPRING PARK,4 in 1,5500,12,Yes,Yes,Yes,No,No
486,SPRING PARK,1 in 1,8500,12,Yes,Yes,Yes,No,No
486,SPRING PARK,2 in 1,6900,12,Yes,Yes,Yes,No,No
487,SUSUANSO JUNCTION,2 in 1,8400,15,No,Yes,No,No,No
487,SUSUANSO JUNCTION,4 in 1,3900,15,No,Yes,No,No,No
488,MERCY LODGE,3 in 1,6500,8,Yes,No,No,Yes,Yes
488,MERCY LODGE,2 in 1,7700,8,Yes,No,No,Yes,Yes
489,OPAL RETREAT,4 in 1,6300,15,Yes,Yes,Yes,No,No
489,OPAL RETREAT,2 in 1,8500,15,Yes,Yes,Yes,No,No
490,AYIGYA MANSION,2 in 1,6000,10,No,Yes,Yes,Yes,No
490,AYIGYA MANSION,1 in 1,6900,10,No,Yes,Yes,Yes,No
490,AYIGYA MANSION,4 in 1,7400,10,No,Yes,Yes,Yes,No
491,SUSUANSO VIEW,2 in 1,8000,110,Yes,Yes,No,No,No
491,SUSUANSO VIEW,1 in 1,7700,110,Yes,Yes,No,No,No
491,SUSUANSO VIEW,3 in 1,8900,110,Yes,Yes,No,No,No
491,SUSUANSO VIEW,4 in 1,5700,110,Yes,Yes,No,No,No
492,EMERALD VILLA,2 in 1,9200,55,Yes,Yes,Yes,No,No
492,EMERALD VILLA,1 in 1,8500,55,Yes,Yes,Yes,No,No
492,EMERALD VILLA,4 in 1,8600,55,Yes,Yes,Yes,No,No
492,EMERALD VILLA,3 in 1,9200,55,Yes,Yes,Yes,No,No
493,GOLDEN OASIS,1 in 1,8200,6,Yes,Yes,Yes,No,Yes
493,GOLDEN OASIS,3 in 1,8100,6,Yes,Yes,Yes,No,Yes
493,GOLDEN OASIS,2 in 1,8400,6,Yes,Yes,Yes,No,Yes
494,LAKESIDE HOMES,1 in 1,9700,30,Yes,Yes,Yes,No,Yes
494,LAKESIDE HOMES,4 in 1,4100,30,Yes,Yes,Yes,No,Yes
495,ELITE PARK,2 in 1,8500,9,Yes,Yes,Yes,Yes,Yes
495,ELITE PARK,1 in 1,9400,9,Yes,Yes,Yes,Yes,Yes
496,KRONUM LODGE,4 in 1,2900,6,Yes,No,Yes,No,No
496,KRONUM LODGE,1 in 1,7300,6,Yes,No,Yes,No,No
497,VALLEY OASIS,4 in 1,2600,6,Yes,Yes,Yes,Yes,Yes
497,VALLEY OASIS,3 in 1,6300,6,Yes,Yes,Yes,Yes,Yes
497,VALLEY OASIS,2 in 1,8500,6,Yes,Yes,Yes,Yes,Yes
497,VALLEY OASIS,1 in 1,9800,6,Yes,Yes,Yes,Yes,Yes
498,DEDURU LODGE HOSTEL,4 in 1,5600,6,Yes,Yes,Yes,Yes,No
498,DEDURU LODGE HOSTEL,1 in 1,9800,6,Yes,Yes,Yes,Yes,No
499,HOPE POINT,2 in 1,5700,12,Yes,No,No,No,No
499,HOPE POINT,4 in 1,3000,12,Yes,No,No,No,No
500,CEDAR GATE,2 in 1,7500,40,Yes,Yes,Yes,Yes,Yes
500,CEDAR GATE,1 in 1,8800,40,Yes,Yes,Yes,Yes,Yes
501,EMERALD COMPLEX,2 in 1,7500,13,Yes,Yes,Yes,No,Yes
501,EMERALD COMPLEX,3 in 1,4000,13,Yes,Yes,Yes,No,Yes
501,EMERALD COMPLEX,4 in 1,5400,13,Yes,Yes,Yes,No,Yes
502,MEADOW POINT,4 in 1,3600,12,No,No,Yes,No,No
502,MEADOW POINT,1 in 1,9100,12,No,No,Yes,No,No
503,COMFORT HEIGHTS,2 in 1,8000,10,Yes,No,No,No,No
503,COMFORT HEIGHTS,4 in 1,4100,10,Yes,No,No,No,No
504,GOLDEN PLACE,2 in 1,6800,11,No,Yes,No,No,Yes
504,GOLDEN PLACE,3 in 1,5100,11,No,Yes,No,No,Yes
504,GOLDEN PLACE,1 in 1,8300,11,No,Yes,No,No,Yes
505,OXFORD SUITES,3 in 1,8000,5,No,Yes,Yes,No,No
505,OXFORD SUITES,2 in 1,6200,5,No,Yes,Yes,No,No
505,OXFORD SUITES,4 in 1,6300,5,No,Yes,Yes,No,No
505,OXFORD SUITES,1 in 1,7900,5,No,Yes,Yes,No,No
506,DEDURU POINT,4 in 1,4300,12,No,No,Yes,No,Yes
506,DEDURU POINT,2 in 1,7400,12,No,No,Yes,No,Yes
507,BOMSO HOMES,2 in 1,6100,110,No,Yes,Yes,Yes,Yes
507,BOMSO HOMES,1 in 1,7900,110,No,Yes,Yes,Yes,Yes
508,IMPERIAL HAVEN,4 in 1,3700,6,Yes,Yes,Yes,No,No
508,IMPERIAL HAVEN,3 in 1,9500,6,Yes,Yes,Yes,No,No
509,PRIME APARTMENTS,2 in 1,7600,10,No,No,Yes,Yes,Yes
509,PRIME APARTMENTS,1 in 1,7700,10,No,No,Yes,Yes,Yes
509,PRIME APARTMENTS,3 in 1,7000,10,No,No,Yes,Yes,Yes
510,OFORIKROM COMPLEX,3 in 1,6500,90,Yes,Yes,No,No,No
510,OFORIKROM COMPLEX,4 in 1,5200,90,Yes,Yes,No,No,No
510,OFORIKROM COMPLEX,1 in 1,9000,90,Yes,Yes,No,No,No
511,KOTEI LODGE HOSTEL,2 in 1,8600,8,Yes,No,Yes,No,Yes
511,KOTEI LODGE HOSTEL,3 in 1,5900,8,Yes,No,Yes,No,Yes
511,KOTEI LODGE HOSTEL,4 in 1,4600,8,Yes,No,Yes,No,Yes
511,KOTEI LODGE HOSTEL,1 in 1,8100,8,Yes,No,Yes,No,Yes
512,EAGLE CORNER,3 in 1,4000,35,Yes,No,Yes,No,No
512,EAGLE CORNER,4 in 1,3200,35,Yes,No,Yes,No,No
513,RIVERSIDE HOMES,1 in 1,9700,35,Yes,Yes,Yes,No,No
513,RIVERSIDE HOMES,3 in 1,9000,35,Yes,Yes,Yes,No,No
514,DEDURU APARTMENTS,2 in 1,7200,9,Yes,No,No,No,Yes
514,DEDURU APARTMENTS,3 in 1,7500,9,Yes,No,No,No,Yes
515,BOMSO LODGE HOSTEL,4 in 1,6000,11,Yes,Yes,Yes,No,No
515,BOMSO LODGE HOSTEL,3 in 1,9500,11,Yes,Yes,Yes,No,No
515,BOMSO LODGE HOSTEL,2 in 1,9100,11,Yes,Yes,Yes,No,No
515,BOMSO LODGE HOSTEL,1 in 1,8300,11,Yes,Yes,Yes,No,No
516,UNITY TOWERS,1 in 1,7500,35,No,Yes,Yes,Yes,No
516,UNITY TOWERS,4 in 1,3100,35,No,Yes,Yes,Yes,No
517,OXFORD APARTMENTS,4 in 1,5800,9,Yes,No,Yes,No,Yes
517,OXFORD APARTMENTS,1 in 1,7700,9,Yes,No,Yes,No,Yes
518,REGAL ESTATE,2 in 1,5600,12,Yes,No,Yes,No,No
518,REGAL ESTATE,1 in 1,7800,12,Yes,No,Yes,No,No
518,REGAL ESTATE,4 in 1,3900,12,Yes,No,Yes,No,No
518,REGAL ESTATE,3 in 1,9100,12,Yes,No,Yes,No,No
519,SUNRISE PARK,2 in 1,8800,40,Yes,Yes,Yes,Yes,No
519,SUNRISE PARK,3 in 1,6600,40,Yes,Yes,Yes,Yes,No
520,OXFORD HAVEN,1 in 1,9800,12,No,Yes,Yes,No,No
520,OXFORD HAVEN,3 in 1,6800,12,No,Yes,Yes,No,No
520,OXFORD HAVEN,2 in 1,6400,12,No,Yes,Yes,No,No
520,OXFORD HAVEN,4 in 1,7800,12,No,Yes,Yes,No,No
521,DIAMOND MANSION,4 in 1,6300,10,No,No,Yes,No,No
521,DIAMOND MANSION,3 in 1,5200,10,No,No,Yes,No,No
521,DIAMOND MANSION,1 in 1,8200,10,No,No,Yes,No,No
522,PRIME PARK,2 in 1,6300,55,Yes,Yes,Yes,No,Yes
522,PRIME PARK,1 in 1,7100,55,Yes,Yes,Yes,No,Yes
523,CAMBRIDGE HAVEN,4 in 1,6900,40,Yes,Yes,Yes,No,Yes
523,CAMBRIDGE HAVEN,3 in 1,9400,40,Yes,Yes,Yes,No,Yes
523,CAMBRIDGE HAVEN,2 in 1,5600,40,Yes,Yes,Yes,No,Yes
523,CAMBRIDGE HAVEN,1 in 1,9000,40,Yes,Yes,Yes,No,Yes
524,PEACE MANSION,3 in 1,5700,6,Yes,No,No,Yes,Yes
524,PEACE MANSION,1 in 1,7900,6,Yes,No,No,Yes,Yes
524,PEACE MANSION,4 in 1,4600,6,Yes,No,No,Yes,Yes
524,PEACE MANSION,2 in 1,6400,6,Yes,No,No,Yes,Yes
525,DEDURU SUITES,3 in 1,6700,55,No,Yes,Yes,No,Yes
525,DEDURU SUITES,1 in 1,7600,55,No,Yes,Yes,No,Yes
525,DEDURU SUITES,4 in 1,5900,55,No,Yes,Yes,No,Yes
526,AMBER COMPLEX,4 in 1,5400,8,Yes,Yes,Yes,No,Yes
526,AMBER COMPLEX,3 in 1,6300,8,Yes,Yes,Yes,No,Yes
527,SOUTHERN LODGE HOSTEL,3 in 1,5300,8,No,No,No,No,No
527,SOUTHERN LODGE HOSTEL,4 in 1,4600,8,No,No,No,No,No
528,ELITE HALL,1 in 1,9100,9,Yes,No,Yes,Yes,No
528,ELITE HALL,2 in 1,8200,9,Yes,No,Yes,Yes,No
528,ELITE HALL,4 in 1,4000,9,Yes,No,Yes,Yes,No
529,SUNSET PARK,2 in 1,7700,6,Yes,Yes,No,No,No
529,SUNSET PARK,4 in 1,6600,6,Yes,Yes,No,No,No
529,SUNSET PARK,3 in 1,4200,6,Yes,Yes,No,No,No
530,BRONZE HALL,1 in 1,8900,15,Yes,No,No,Yes,No
530,BRONZE HALL,3 in 1,5700,15,Yes,No,No,Yes,No
530,BRONZE HALL,2 in 1,8300,15,Yes,No,No,Yes,No
531,LION INN,2 in 1,6500,30,Yes,No,No,No,No
531,LION INN,1 in 1,6700,30,Yes,No,No,No,No
532,AYEDUASE JUNCTION,3 in 1,4300,50,No,No,Yes,No,Yes
532,AYEDUASE JUNCTION,1 in 1,8500,50,No,No,Yes,No,Yes
533,PACIFIC MANSION,4 in 1,5900,55,Yes,No,No,Yes,No
533,PACIFIC MANSION,2 in 1,6300,55,Yes,No,No,Yes,No
534,BELMONT CHAMBERS,2 in 1,8400,13,No,Yes,No,Yes,No
534,BELMONT CHAMBERS,4 in 1,3000,13,No,Yes,No,Yes,No
535,IMPERIAL MANSION,3 in 1,6600,20,Yes,Yes,Yes,Yes,Yes
535,IMPERIAL MANSION,4 in 1,3700,20,Yes,Yes,Yes,Yes,Yes
535,IMPERIAL MANSION,2 in 1,6700,20,Yes,Yes,Yes,Yes,Yes
535,IMPERIAL MANSION,1 in 1,8500,20,Yes,Yes,Yes,Yes,Yes
536,PREMIER VIEW,2 in 1,6400,8,Yes,Yes,No,No,Yes
536,PREMIER VIEW,1 in 1,8000,8,Yes,Yes,No,No,Yes
536,PREMIER VIEW,4 in 1,7000,8,Yes,Yes,No,No,Yes
536,PREMIER VIEW,3 in 1,5800,8,Yes,Yes,No,No,Yes
537,BOADI VIEW,3 in 1,7900,10,Yes,No,Yes,No,Yes
537,BOADI VIEW,2 in 1,6000,10,Yes,No,Yes,No,Yes
538,STONE APARTMENTS,2 in 1,8300,14,Yes,Yes,Yes,No,No
538,STONE APARTMENTS,4 in 1,7700,14,Yes,Yes,Yes,No,No
539,DEDURU RETREAT,1 in 1,6000,40,Yes,No,Yes,No,Yes
539,DEDURU RETREAT,2 in 1,6500,40,Yes,No,Yes,No,Yes
539,DEDURU RETREAT,3 in 1,7500,40,Yes,No,Yes,No,Yes
540,JADE MANOR,2 in 1,7300,11,Yes,No,Yes,No,No
540,JADE MANOR,3 in 1,7200,11,Yes,No,Yes,No,No
541,COZY CORNER,1 in 1,7800,14,Yes,Yes,Yes,No,No
541,COZY CORNER,2 in 1,7700,14,Yes,Yes,Yes,No,No
542,KENTINKRONO PLAZA,4 in 1,5300,14,No,No,Yes,No,No
542,KENTINKRONO PLAZA,3 in 1,8400,14,No,No,Yes,No,No
542,KENTINKRONO PLAZA,2 in 1,7900,14,No,No,Yes,No,No
542,KENTINKRONO PLAZA,1 in 1,8700,14,No,No,Yes,No,No
543,KRONUM CHAMBERS,1 in 1,8000,4,Yes,Yes,No,No,No
543,KRONUM CHAMBERS,2 in 1,6900,4,Yes,Yes,No,No,No
544,UNITY HOMES,4 in 1,4900,8,Yes,Yes,No,No,Yes
544,UNITY HOMES,1 in 1,8800,8,Yes,Yes,No,No,Yes
544,UNITY HOMES,3 in 1,6100,8,Yes,Yes,No,No,Yes
545,AYIGYA VIEW,1 in 1,8700,40,No,No,Yes,No,No
545,AYIGYA VIEW,2 in 1,9800,40,No,No,Yes,No,No
546,PHOENIX MANSION,4 in 1,6800,6,Yes,Yes,No,No,Yes
546,PHOENIX MANSION,1 in 1,8100,6,Yes,Yes,No,No,Yes
546,PHOENIX MANSION,3 in 1,8400,6,Yes,Yes,No,No,Yes
547,EJISU ROAD JUNCTION,3 in 1,6100,7,Yes,Yes,Yes,Yes,No
547,EJISU ROAD JUNCTION,1 in 1,6400,7,Yes,Yes,Yes,Yes,No
548,REGAL APARTMENTS,3 in 1,5200,40,No,No,No,Yes,Yes
548,REGAL APARTMENTS,2 in 1,5000,40,No,No,No,Yes,Yes
548,REGAL APARTMENTS,4 in 1,5000,40,No,No,No,Yes,Yes
548,REGAL APARTMENTS,1 in 1,8400,40,No,No,No,Yes,Yes
549,FAITH VILLA,4 in 1,8000,12,Yes,No,Yes,Yes,No
549,FAITH VILLA,1 in 1,8700,12,Yes,No,Yes,Yes,No
550,EJISU ROAD POINT,3 in 1,6300,6,Yes,Yes,No,Yes,No
550,EJISU ROAD POINT,1 in 1,9200,6,Yes,Yes,No,Yes,No
550,EJISU ROAD POINT,2 in 1,5000,6,Yes,Yes,No,Yes,No
550,EJISU ROAD POINT,4 in 1,5900,6,Yes,Yes,No,Yes,No
551,GLOBAL RETREAT,3 in 1,7800,8,Yes,No,Yes,Yes,Yes
551,GLOBAL RETREAT,1 in 1,7000,8,Yes,No,Yes,Yes,Yes
552,REGAL INN,2 in 1,9100,8,No,No,No,Yes,No
552,REGAL INN,3 in 1,7200,8,No,No,No,Yes,No
552,REGAL INN,1 in 1,8000,8,No,No,No,Yes,No
553,AYIGYA HOSTEL,4 in 1,6400,13,No,Yes,No,Yes,No
553,AYIGYA HOSTEL,3 in 1,9500,13,No,Yes,No,Yes,No
553,AYIGYA HOSTEL,1 in 1,8600,13,No,Yes,No,Yes,No
554,EJISU ROAD PLACE,4 in 1,5900,7,Yes,Yes,No,Yes,Yes
554,EJISU ROAD PLACE,3 in 1,6000,7,Yes,Yes,No,Yes,Yes
555,REGAL VILLAGE,4 in 1,4200,14,No,No,Yes,Yes,Yes
555,REGAL VILLAGE,3 in 1,7900,14,No,No,Yes,Yes,Yes
555,REGAL VILLAGE,1 in 1,7600,14,No,No,Yes,Yes,Yes
555,REGAL VILLAGE,2 in 1,7600,14,No,No,Yes,Yes,Yes
556,NATIONAL HOSTEL,1 in 1,7900,4,Yes,No,Yes,Yes,No
556,NATIONAL HOSTEL,3 in 1,7400,4,Yes,No,Yes,Yes,No
557,BOADI GATE,2 in 1,8000,6,Yes,No,No,Yes,Yes
557,BOADI GATE,1 in 1,9400,6,Yes,No,No,Yes,Yes
557,BOADI GATE,4 in 1,4700,6,Yes,No,No,Yes,Yes
557,BOADI GATE,3 in 1,6300,6,Yes,No,No,Yes,Yes
558,HOPE MANOR,2 in 1,6200,8,Yes,No,No,No,No
558,HOPE MANOR,1 in 1,8000,8,Yes,No,No,No,No
558,HOPE MANOR,3 in 1,7200,8,Yes,No,No,No,No
558,HOPE MANOR,4 in 1,6600,8,Yes,No,No,No,No
559,OFORIKROM ANNEX,4 in 1,4100,8,Yes,Yes,No,No,Yes
559,OFORIKROM ANNEX,1 in 1,9200,8,Yes,Yes,No,No,Yes
559,OFORIKROM ANNEX,3 in 1,8600,8,Yes,Yes,No,No,Yes
559,OFORIKROM ANNEX,2 in 1,8100,8,Yes,Yes,No,No,Yes
560,BELMONT RETREAT,1 in 1,9800,13,Yes,Yes,No,Yes,No
560,BELMONT RETREAT,4 in 1,4400,13,Yes,Yes,No,Yes,No
560,BELMONT RETREAT,2 in 1,5800,13,Yes,Yes,No,Yes,No
560,BELMONT RETREAT,3 in 1,4100,13,Yes,Yes,No,Yes,No
561,PALM COURT,3 in 1,8800,5,Yes,Yes,No,Yes,No
561,PALM COURT,4 in 1,6500,5,Yes,Yes,No,Yes,No
562,MAYFAIR INN,1 in 1,8400,7,No,Yes,No,No,No
562,MAYFAIR INN,3 in 1,7100,7,No,Yes,No,No,No
562,MAYFAIR INN,2 in 1,6000,7,No,Yes,No,No,No
562,MAYFAIR INN,4 in 1,9200,7,No,Yes,No,No,No
563,DEDURU ESTATE,1 in 1,8500,5,Yes,Yes,No,Yes,No
563,DEDURU ESTATE,4 in 1,5700,5,Yes,Yes,No,Yes,No
564,CONTINENTAL HOMES,3 in 1,7700,6,Yes,Yes,Yes,No,Yes
564,CONTINENTAL HOMES,4 in 1,6200,6,Yes,Yes,Yes,No,Yes
564,CONTINENTAL HOMES,2 in 1,7900,6,Yes,Yes,Yes,No,Yes
564,CONTINENTAL HOMES,1 in 1,7600,6,Yes,Yes,Yes,No,Yes
565,VALLEY SUITES,4 in 1,6200,35,Yes,No,Yes,Yes,Yes
565,VALLEY SUITES,3 in 1,9400,35,Yes,No,Yes,Yes,Yes
566,BOADI ESTATE,2 in 1,9400,5,Yes,Yes,No,Yes,Yes
566,BOADI ESTATE,4 in 1,7900,5,Yes,Yes,No,Yes,Yes
567,TOPAZ HOSTEL,4 in 1,4700,15,Yes,Yes,Yes,Yes,Yes
567,TOPAZ HOSTEL,1 in 1,7500,15,Yes,Yes,Yes,Yes,Yes
568,GLORY LODGE,3 in 1,6500,70,Yes,No,No,No,No
568,GLORY LODGE,4 in 1,5600,70,Yes,No,No,No,No
568,GLORY LODGE,1 in 1,9500,70,Yes,No,No,No,No
568,GLORY LODGE,2 in 1,5200,70,Yes,No,No,No,No
569,EMERALD GARDENS,3 in 1,8900,14,Yes,Yes,Yes,Yes,Yes
569,EMERALD GARDENS,2 in 1,7300,14,Yes,Yes,Yes,Yes,Yes
570,PHOENIX RETREAT,3 in 1,6000,12,Yes,Yes,Yes,No,No
570,PHOENIX RETREAT,2 in 1,6200,12,Yes,Yes,Yes,No,No
571,BLESSING MANOR,1 in 1,6800,70,Yes,No,No,No,Yes
571,BLESSING MANOR,4 in 1,6700,70,Yes,No,No,No,Yes
571,BLESSING MANOR,3 in 1,6800,70,Yes,No,No,No,Yes
571,BLESSING MANOR,2 in 1,5800,70,Yes,No,No,No,Yes
572,LAKESIDE VILLA,3 in 1,4800,55,Yes,No,No,Yes,No
572,LAKESIDE VILLA,2 in 1,7100,55,Yes,No,No,Yes,No
573,SILVER ESTATE,1 in 1,9800,13,Yes,Yes,Yes,Yes,No
573,SILVER ESTATE,4 in 1,5100,13,Yes,Yes,Yes,Yes,No
574,EMENA COURT,4 in 1,3300,11,Yes,No,Yes,No,No
574,EMENA COURT,3 in 1,6300,11,Yes,No,Yes,No,No
575,SPRING LODGE HOSTEL,3 in 1,6300,14,Yes,Yes,No,No,No
575,SPRING LODGE HOSTEL,1 in 1,6000,14,Yes,Yes,No,No,No
575,SPRING LODGE HOSTEL,4 in 1,5400,14,Yes,Yes,No,No,No
576,GLORY INN,4 in 1,5200,110,Yes,No,Yes,No,Yes
576,GLORY INN,1 in 1,9100,110,Yes,No,Yes,No,Yes
577,PALM LODGE HOSTEL,1 in 1,9800,10,Yes,Yes,Yes,No,No
577,PALM LODGE HOSTEL,4 in 1,7200,10,Yes,Yes,Yes,No,No
577,PALM LODGE HOSTEL,3 in 1,6300,10,Yes,Yes,Yes,No,No
577,PALM LODGE HOSTEL,2 in 1,6000,10,Yes,Yes,Yes,No,No
578,FAVOUR COMPLEX,4 in 1,9300,8,Yes,No,No,Yes,Yes
578,FAVOUR COMPLEX,1 in 1,8500,8,Yes,No,No,Yes,Yes
579,AYEDUASE PARK,3 in 1,6700,15,Yes,No,No,No,No
579,AYEDUASE PARK,2 in 1,7500,15,Yes,No,No,No,No
579,AYEDUASE PARK,4 in 1,5800,15,Yes,No,No,No,No
580,AYIGYA HAVEN,1 in 1,8300,6,No,Yes,No,Yes,Yes
580,AYIGYA HAVEN,3 in 1,5800,6,No,Yes,No,Yes,Yes
581,KOTEI RETREAT,4 in 1,4700,15,Yes,Yes,Yes,Yes,No
581,KOTEI RETREAT,3 in 1,6600,15,Yes,Yes,Yes,Yes,No
582,CENTRAL CORNER,4 in 1,4700,13,Yes,Yes,Yes,No,Yes
582,CENTRAL CORNER,3 in 1,5600,13,Yes,Yes,Yes,No,Yes
583,KRONUM CORNER,2 in 1,7700,70,Yes,Yes,Yes,No,No
583,KRONUM CORNER,4 in 1,5100,70,Yes,Yes,Yes,No,No
584,JADE SUITES,1 in 1,9800,9,Yes,No,Yes,No,No
584,JADE SUITES,2 in 1,5000,9,Yes,No,Yes,No,No
584,JADE SUITES,4 in 1,7100,9,Yes,No,Yes,No,No
584,JADE SUITES,3 in 1,8500,9,Yes,No,Yes,No,No
585,STONE OASIS,2 in 1,5000,30,No,Yes,No,No,No
585,STONE OASIS,1 in 1,8100,30,No,Yes,No,No,No
586,SUMMIT PLAZA,2 in 1,7000,35,Yes,No,Yes,Yes,No
586,SUMMIT PLAZA,4 in 1,3400,35,Yes,No,Yes,Yes,No
587,GOLD COURT,1 in 1,7700,10,Yes,No,Yes,No,Yes
587,GOLD COURT,3 in 1,5000,10,Yes,No,Yes,No,Yes
588,BOMSO VILLAGE,2 in 1,9800,8,Yes,Yes,No,No,Yes
588,BOMSO VILLAGE,3 in 1,8000,8,Yes,Yes,No,No,Yes
589,PLATINUM CHAMBERS,1 in 1,9600,35,Yes,No,No,Yes,Yes
589,PLATINUM CHAMBERS,4 in 1,6600,35,Yes,No,No,Yes,Yes
589,PLATINUM CHAMBERS,2 in 1,6000,35,Yes,No,No,Yes,Yes
590,PHOENIX SUITES,3 in 1,5900,11,Yes,No,No,Yes,No
590,PHOENIX SUITES,4 in 1,6200,11,Yes,No,No,Yes,No
590,PHOENIX SUITES,2 in 1,5900,11,Yes,No,No,Yes,No
590,PHOENIX SUITES,1 in 1,9100,11,Yes,No,No,Yes,No
591,FAIRVIEW GARDENS,4 in 1,5100,14,Yes,No,Yes,No,No
591,FAIRVIEW GARDENS,2 in 1,7000,14,Yes,No,Yes,No,No
591,FAIRVIEW GARDENS,1 in 1,9100,14,Yes,No,Yes,No,No
591,FAIRVIEW GARDENS,3 in 1,7300,14,Yes,No,Yes,No,No
592,GRACE MANSION,4 in 1,5000,9,Yes,Yes,Yes,No,Yes
592,GRACE MANSION,3 in 1,8300,9,Yes,Yes,Yes,No,Yes
592,GRACE MANSION,1 in 1,7400,9,Yes,Yes,Yes,No,Yes
593,BELMONT MANSION,3 in 1,7600,30,Yes,No,Yes,Yes,No
593,BELMONT MANSION,4 in 1,6400,30,Yes,No,Yes,Yes,No
594,MAYFAIR OASIS,3 in 1,6200,20,No,Yes,Yes,Yes,No
594,MAYFAIR OASIS,2 in 1,8000,20,No,Yes,Yes,Yes,No
594,MAYFAIR OASIS,1 in 1,7200,20,No,Yes,Yes,Yes,No
595,STONE HOMES,3 in 1,8000,12,No,No,No,No,Yes
595,STONE HOMES,4 in 1,5200,12,No,No,No,No,Yes
596,ASHFORD RETREAT,3 in 1,5900,10,Yes,Yes,No,Yes,Yes
596,ASHFORD RETREAT,4 in 1,7100,10,Yes,Yes,No,Yes,Yes
596,ASHFORD RETREAT,2 in 1,6600,10,Yes,Yes,No,Yes,Yes
596,ASHFORD RETREAT,1 in 1,7000,10,Yes,Yes,No,Yes,Yes
597,SOUTHERN VILLAGE,2 in 1,5400,30,No,Yes,No,No,No
597,SOUTHERN VILLAGE,1 in 1,9000,30,No,Yes,No,No,No
598,EJISU ROAD RESIDENCE,3 in 1,4800,12,Yes,Yes,No,Yes,Yes
598,EJISU ROAD RESIDENCE,4 in 1,8100,12,Yes,Yes,No,Yes,Yes
599,FAMILY INN,4 in 1,2600,7,Yes,Yes,No,No,No
599,FAMILY INN,2 in 1,9800,7,Yes,Yes,No,No,No
599,FAMILY INN,3 in 1,7000,7,Yes,Yes,No,No,No
600,HILLTOP ESTATE,1 in 1,8300,40,No,No,Yes,Yes,No
600,HILLTOP ESTATE,3 in 1,5900,40,No,No,Yes,Yes,No
601,PALM VIEW,2 in 1,8100,45,Yes,No,Yes,No,No
601,PALM VIEW,4 in 1,5400,45,Yes,No,Yes,No,No
601,PALM VIEW,1 in 1,9500,45,Yes,No,Yes,No,No
601,PALM VIEW,3 in 1,6800,45,Yes,No,Yes,No,No
602,COMFORT COURT,3 in 1,6900,40,Yes,No,No,No,No
602,COMFORT COURT,1 in 1,8100,40,Yes,No,No,No,No
603,PLATINUM PARK,2 in 1,7500,8,No,Yes,Yes,No,No
603,PLATINUM PARK,4 in 1,6000,8,No,Yes,Yes,No,No
603,PLATINUM PARK,1 in 1,6800,8,No,Yes,Yes,No,No
603,PLATINUM PARK,3 in 1,4700,8,No,Yes,Yes,No,No
604,FAMILY VIEW,2 in 1,8600,35,No,Yes,Yes,No,Yes
604,FAMILY VIEW,3 in 1,6900,35,No,Yes,Yes,No,Yes
604,FAMILY VIEW,4 in 1,5200,35,No,Yes,Yes,No,Yes
605,STAR VILLAGE,3 in 1,6700,70,No,No,Yes,Yes,No
605,STAR VILLAGE,1 in 1,8700,70,No,No,Yes,Yes,No
606,GARDEN JUNCTION,4 in 1,4700,7,Yes,Yes,No,Yes,Yes
606,GARDEN JUNCTION,2 in 1,6500,7,Yes,Yes,No,Yes,Yes
606,GARDEN JUNCTION,3 in 1,6900,7,Yes,Yes,No,Yes,Yes
606,GARDEN JUNCTION,1 in 1,7500,7,Yes,Yes,No,Yes,Yes
607,CONTINENTAL GARDENS,1 in 1,8800,9,Yes,No,Yes,No,No
607,CONTINENTAL GARDENS,2 in 1,5200,9,Yes,No,Yes,No,No
608,HILLTOP HEIGHTS,1 in 1,9400,55,Yes,Yes,Yes,Yes,Yes
608,HILLTOP HEIGHTS,2 in 1,8200,55,Yes,Yes,Yes,Yes,Yes
608,HILLTOP HEIGHTS,4 in 1,5900,55,Yes,Yes,Yes,Yes,Yes
608,HILLTOP HEIGHTS,3 in 1,8100,55,Yes,Yes,Yes,Yes,Yes
609,AYEDUASE APARTMENTS,3 in 1,9100,9,Yes,Yes,Yes,No,No
609,AYEDUASE APARTMENTS,2 in 1,8900,9,Yes,Yes,Yes,No,No
610,KENSINGTON PLAZA,2 in 1,5000,4,No,No,No,No,No
610,KENSINGTON PLAZA,1 in 1,7200,4,No,No,No,No,No
610,KENSINGTON PLAZA,3 in 1,5800,4,No,No,No,No,No
610,KENSINGTON PLAZA,4 in 1,5500,4,No,No,No,No,No
611,OFORIKROM PARK,4 in 1,6300,110,Yes,Yes,Yes,No,No
611,OFORIKROM PARK,1 in 1,7700,110,Yes,Yes,Yes,No,No
611,OFORIKROM PARK,2 in 1,7800,110,Yes,Yes,Yes,No,No
611,OFORIKROM PARK,3 in 1,5600,110,Yes,Yes,Yes,No,No
612,OXFORD COURT,3 in 1,5800,8,Yes,No,No,Yes,No
612,OXFORD COURT,4 in 1,3400,8,Yes,No,No,Yes,No
613,EMENA MANSION,1 in 1,7500,15,Yes,No,No,No,No
613,EMENA MANSION,4 in 1,3500,15,Yes,No,No,No,No
614,GRACE VILLAGE,2 in 1,6200,90,Yes,Yes,No,No,Yes
614,GRACE VILLAGE,3 in 1,8200,90,Yes,Yes,No,No,Yes
615,SUMMIT GARDENS,1 in 1,7500,40,Yes,No,No,No,No
615,SUMMIT GARDENS,4 in 1,9400,40,Yes,No,No,No,No
616,GOLD HEIGHTS,4 in 1,6200,20,Yes,No,No,Yes,Yes
616,GOLD HEIGHTS,2 in 1,7800,20,Yes,No,No,Yes,Yes
617,ASHFORD CHAMBERS,4 in 1,4200,55,Yes,Yes,No,No,No
617,ASHFORD CHAMBERS,1 in 1,9100,55,Yes,Yes,No,No,No
617,ASHFORD CHAMBERS,3 in 1,5800,55,Yes,Yes,No,No,No
617,ASHFORD CHAMBERS,2 in 1,7700,55,Yes,Yes,No,No,No
618,HILLTOP LODGE,1 in 1,9800,80,No,Yes,Yes,Yes,No
618,HILLTOP LODGE,2 in 1,7400,80,No,Yes,Yes,Yes,No
619,KENTINKRONO HAVEN,2 in 1,9100,8,No,No,No,Yes,No
619,KENTINKRONO HAVEN,1 in 1,7700,8,No,No,No,Yes,No
619,KENTINKRONO HAVEN,3 in 1,6600,8,No,No,No,Yes,No
619,KENTINKRONO HAVEN,4 in 1,8100,8,No,No,No,Yes,No
620,HILLTOP MANSION,3 in 1,5800,10,Yes,Yes,No,Yes,No
620,HILLTOP MANSION,2 in 1,9800,10,Yes,Yes,No,Yes,No
620,HILLTOP MANSION,1 in 1,9100,10,Yes,Yes,No,Yes,No
621,STONE MANOR,3 in 1,5800,14,Yes,Yes,No,No,No
621,STONE MANOR,1 in 1,9000,14,Yes,Yes,No,No,No
622,CEDAR ANNEX,3 in 1,8100,11,Yes,No,Yes,Yes,No
622,CEDAR ANNEX,2 in 1,8400,11,Yes,No,Yes,Yes,No
622,CEDAR ANNEX,4 in 1,3200,11,Yes,No,Yes,Yes,No
622,CEDAR ANNEX,1 in 1,7700,11,Yes,No,Yes,Yes,No
623,RIVERSIDE HEIGHTS,2 in 1,7200,80,Yes,Yes,Yes,Yes,No
623,RIVERSIDE HEIGHTS,4 in 1,5400,80,Yes,Yes,Yes,Yes,No
623,RIVERSIDE HEIGHTS,3 in 1,7600,80,Yes,Yes,Yes,Yes,No
623,RIVERSIDE HEIGHTS,1 in 1,8600,80,Yes,Yes,Yes,Yes,No
624,JOY HEIGHTS,4 in 1,3500,12,No,No,No,Yes,Yes
624,JOY HEIGHTS,1 in 1,8800,12,No,No,No,Yes,Yes
625,SUSUANSO CORNER,2 in 1,8400,55,Yes,Yes,Yes,No,Yes
625,SUSUANSO CORNER,1 in 1,8900,55,Yes,Yes,Yes,No,Yes
626,ELITE LODGE HOSTEL,2 in 1,9000,8,Yes,Yes,Yes,No,Yes
626,ELITE LODGE HOSTEL,1 in 1,9200,8,Yes,Yes,Yes,No,Yes
627,LAKESIDE LODGE HOSTEL,1 in 1,8900,100,Yes,Yes,Yes,Yes,Yes
627,LAKESIDE LODGE HOSTEL,2 in 1,7400,100,Yes,Yes,Yes,Yes,Yes
627,LAKESIDE LODGE HOSTEL,3 in 1,4300,100,Yes,Yes,Yes,Yes,Yes
628,PEARL COMPLEX,1 in 1,8800,40,Yes,Yes,Yes,No,No
628,PEARL COMPLEX,3 in 1,7000,40,Yes,Yes,Yes,No,No
628,PEARL COMPLEX,4 in 1,5900,40,Yes,Yes,Yes,No,No
629,LION ANNEX,1 in 1,7200,30,Yes,Yes,Yes,Yes,Yes
629,LION ANNEX,4 in 1,3900,30,Yes,Yes,Yes,Yes,Yes
630,SUNSET LODGE,4 in 1,7100,6,No,Yes,Yes,No,No
630,SUNSET LODGE,2 in 1,7500,6,No,Yes,Yes,No,No
631,ASHFORD GARDENS,4 in 1,6500,14,Yes,Yes,Yes,No,No
631,ASHFORD GARDENS,3 in 1,6700,14,Yes,Yes,Yes,No,No
631,ASHFORD GARDENS,1 in 1,8400,14,Yes,Yes,Yes,No,No
632,DEDURU CORNER,1 in 1,9300,40,No,Yes,Yes,No,Yes
632,DEDURU CORNER,2 in 1,6800,40,No,Yes,Yes,No,Yes
632,DEDURU CORNER,3 in 1,6800,40,No,Yes,Yes,No,Yes
633,PEACE GARDENS,3 in 1,6000,35,Yes,No,Yes,Yes,No
633,PEACE GARDENS,4 in 1,4900,35,Yes,No,Yes,Yes,No
634,PALM LODGE,4 in 1,5000,9,Yes,No,No,No,No
634,PALM LODGE,1 in 1,8600,9,Yes,No,No,No,No
634,PALM LODGE,3 in 1,6000,9,Yes,No,No,No,No
635,CRYSTAL ANNEX,1 in 1,9600,10,Yes,Yes,Yes,No,No
635,CRYSTAL ANNEX,2 in 1,6300,10,Yes,Yes,Yes,No,No
636,SUSUANSO VILLAGE,3 in 1,6400,6,Yes,No,Yes,Yes,No
636,SUSUANSO VILLAGE,4 in 1,4800,6,Yes,No,Yes,Yes,No
636,SUSUANSO VILLAGE,1 in 1,9800,6,Yes,No,Yes,Yes,No
637,KENTINKRONO VIEW,3 in 1,6900,13,Yes,Yes,Yes,No,No
637,KENTINKRONO VIEW,1 in 1,9400,13,Yes,Yes,Yes,No,No
637,KENTINKRONO VIEW,4 in 1,3300,13,Yes,Yes,Yes,No,No
638,BOADI VILLA,2 in 1,7900,20,Yes,Yes,Yes,No,No
638,BOADI VILLA,3 in 1,8000,20,Yes,Yes,Yes,No,No
639,SAPPHIRE HOMES,1 in 1,8500,45,No,Yes,Yes,Yes,Yes
639,SAPPHIRE HOMES,4 in 1,7100,45,No,Yes,Yes,Yes,Yes
640,CAMBRIDGE POINT,1 in 1,7900,45,No,Yes,Yes,No,Yes
640,CAMBRIDGE POINT,3 in 1,8700,45,No,Yes,Yes,No,Yes
641,UNITY LODGE,1 in 1,9800,6,Yes,Yes,Yes,No,Yes
641,UNITY LODGE,3 in 1,6100,6,Yes,Yes,Yes,No,Yes
642,OPAL HALL,1 in 1,8000,5,Yes,No,No,Yes,Yes
642,OPAL HALL,2 in 1,9500,5,Yes,No,No,Yes,Yes
642,OPAL HALL,4 in 1,7900,5,Yes,No,No,Yes,Yes
643,GREENFIELD HOMES,3 in 1,5900,9,Yes,No,No,No,No
643,GREENFIELD HOMES,2 in 1,7000,9,Yes,No,No,No,No
643,GREENFIELD HOMES,4 in 1,5100,9,Yes,No,No,No,No
643,GREENFIELD HOMES,1 in 1,7100,9,Yes,No,No,No,No
644,KOTEI ANNEX,1 in 1,7500,20,No,No,Yes,No,No
644,KOTEI ANNEX,2 in 1,6200,20,No,No,Yes,No,No
644,KOTEI ANNEX,3 in 1,5500,20,No,No,Yes,No,No
644,KOTEI ANNEX,4 in 1,5500,20,No,No,Yes,No,No
645,RUBY CORNER,1 in 1,8600,12,Yes,Yes,Yes,No,No
645,RUBY CORNER,4 in 1,7800,12,Yes,Yes,Yes,No,No
645,RUBY CORNER,3 in 1,5200,12,Yes,Yes,Yes,No,No
646,STONE ANNEX,2 in 1,8900,13,Yes,No,No,No,Yes
646,STONE ANNEX,4 in 1,5200,13,Yes,No,No,No,Yes
646,STONE ANNEX,3 in 1,6600,13,Yes,No,No,No,Yes
647,SUSUANSO RESIDENCE,3 in 1,7600,10,Yes,No,No,No,No
647,SUSUANSO RESIDENCE,4 in 1,3800,10,Yes,No,No,No,No
647,SUSUANSO RESIDENCE,1 in 1,8800,10,Yes,No,No,No,No
647,SUSUANSO RESIDENCE,2 in 1,7800,10,Yes,No,No,No,No
648,AYIGYA LODGE HOSTEL,4 in 1,6200,5,Yes,Yes,No,No,No
648,AYIGYA LODGE HOSTEL,2 in 1,7900,5,Yes,Yes,No,No,No
649,SOUTHERN PARK,4 in 1,9200,20,Yes,No,No,No,No
649,SOUTHERN PARK,3 in 1,5700,20,Yes,No,No,No,No
650,GOLD MANSION,2 in 1,6800,14,No,No,No,No,No
650,GOLD MANSION,1 in 1,7800,14,No,No,No,No,No
650,GOLD MANSION,3 in 1,5900,14,No,No,No,No,No
650,GOLD MANSION,4 in 1,4600,14,No,No,No,No,No
651,KOTEI VILLA,4 in 1,7300,50,Yes,Yes,No,Yes,No
651,KOTEI VILLA,3 in 1,8700,50,Yes,Yes,No,Yes,No
652,SAPPHIRE GARDENS,4 in 1,4700,40,No,Yes,Yes,No,No
652,SAPPHIRE GARDENS,2 in 1,6400,40,No,Yes,Yes,No,No
653,VALLEY VIEW,2 in 1,8200,11,Yes,No,No,Yes,No
653,VALLEY VIEW,4 in 1,4700,11,Yes,No,No,Yes,No
654,AYIGYA OASIS,4 in 1,6400,12,Yes,Yes,Yes,Yes,Yes
654,AYIGYA OASIS,2 in 1,7800,12,Yes,Yes,Yes,Yes,Yes
655,EMENA VILLAGE,3 in 1,4500,40,Yes,Yes,No,No,No
655,EMENA VILLAGE,1 in 1,9800,40,Yes,Yes,No,No,No
656,MODERN VILLA,2 in 1,9800,11,Yes,Yes,Yes,Yes,Yes
656,MODERN VILLA,3 in 1,5800,11,Yes,Yes,Yes,Yes,Yes
656,MODERN VILLA,4 in 1,4900,11,Yes,Yes,Yes,Yes,Yes
656,MODERN VILLA,1 in 1,8700,11,Yes,Yes,Yes,Yes,Yes
657,VALLEY HALL,2 in 1,8000,40,No,Yes,Yes,Yes,Yes
657,VALLEY HALL,4 in 1,6500,40,No,Yes,Yes,Yes,Yes
657,VALLEY HALL,3 in 1,9500,40,No,Yes,Yes,Yes,Yes
658,CENTRAL PLACE,4 in 1,5200,10,No,No,No,Yes,No
658,CENTRAL PLACE,1 in 1,7600,10,No,No,No,Yes,No
658,CENTRAL PLACE,3 in 1,4700,10,No,No,No,Yes,No
659,KOTEI CHAMBERS,2 in 1,6500,13,Yes,Yes,No,Yes,Yes
659,KOTEI CHAMBERS,3 in 1,6600,13,Yes,Yes,No,Yes,Yes
659,KOTEI CHAMBERS,4 in 1,8200,13,Yes,Yes,No,Yes,Yes
660,REGAL HALL,1 in 1,7900,9,Yes,Yes,Yes,No,No
660,REGAL HALL,2 in 1,7900,9,Yes,Yes,Yes,No,No
660,REGAL HALL,3 in 1,6600,9,Yes,Yes,Yes,No,No
660,REGAL HALL,4 in 1,7300,9,Yes,Yes,Yes,No,No
661,AYIGYA HALL,1 in 1,9800,5,Yes,Yes,Yes,Yes,No
661,AYIGYA HALL,3 in 1,5900,5,Yes,Yes,Yes,Yes,No
661,AYIGYA HALL,4 in 1,4800,5,Yes,Yes,Yes,Yes,No
661,AYIGYA HALL,2 in 1,9000,5,Yes,Yes,Yes,Yes,No
662,GLORY COURT,1 in 1,9100,12,Yes,No,Yes,Yes,Yes
662,GLORY COURT,2 in 1,9800,12,Yes,No,Yes,Yes,Yes
662,GLORY COURT,3 in 1,7500,12,Yes,No,Yes,Yes,Yes
662,GLORY COURT,4 in 1,5000,12,Yes,No,Yes,Yes,Yes
663,KENTINKRONO HOMES,4 in 1,6400,70,Yes,Yes,No,No,Yes
663,KENTINKRONO HOMES,2 in 1,9100,70,Yes,Yes,No,No,Yes
663,KENTINKRONO HOMES,1 in 1,9200,70,Yes,Yes,No,No,Yes
663,KENTINKRONO HOMES,3 in 1,7400,70,Yes,Yes,No,No,Yes
664,SOUTHERN HOSTEL,1 in 1,9400,8,Yes,Yes,Yes,No,Yes
664,SOUTHERN HOSTEL,2 in 1,9100,8,Yes,Yes,Yes,No,Yes
664,SOUTHERN HOSTEL,3 in 1,8700,8,Yes,Yes,Yes,No,Yes
665,FAMILY JUNCTION,1 in 1,9000,5,Yes,Yes,Yes,No,No
665,FAMILY JUNCTION,4 in 1,5300,5,Yes,Yes,Yes,No,No
665,FAMILY JUNCTION,2 in 1,7700,5,Yes,Yes,Yes,No,No
666,NORTHERN COMPLEX,4 in 1,7300,9,Yes,Yes,No,No,No
666,NORTHERN COMPLEX,2 in 1,6400,9,Yes,Yes,No,No,No
666,NORTHERN COMPLEX,3 in 1,7200,9,Yes,Yes,No,No,No
667,ASHFORD HAVEN,4 in 1,4900,45,No,Yes,Yes,Yes,Yes
667,ASHFORD HAVEN,2 in 1,7600,45,No,Yes,Yes,Yes,Yes
667,ASHFORD HAVEN,3 in 1,8500,45,No,Yes,Yes,Yes,Yes
667,ASHFORD HAVEN,1 in 1,8600,45,No,Yes,Yes,Yes,Yes
668,GOLDEN COURT,1 in 1,8500,8,Yes,Yes,Yes,No,No
668,GOLDEN COURT,3 in 1,4700,8,Yes,Yes,Yes,No,No
669,PALM PLACE,3 in 1,7700,10,No,Yes,Yes,Yes,No
669,PALM PLACE,4 in 1,6500,10,No,Yes,Yes,Yes,No
670,SUNRISE POINT,3 in 1,9500,12,Yes,Yes,Yes,Yes,No
670,SUNRISE POINT,4 in 1,5000,12,Yes,Yes,Yes,Yes,No
670,SUNRISE POINT,1 in 1,8600,12,Yes,Yes,Yes,Yes,No
671,BELMONT MANOR,4 in 1,5900,14,Yes,Yes,No,No,No
671,BELMONT MANOR,1 in 1,9800,14,Yes,Yes,No,No,No
671,BELMONT MANOR,2 in 1,7400,14,Yes,Yes,No,No,No
671,BELMONT MANOR,3 in 1,7100,14,Yes,Yes,No,No,No
672,PLATINUM APARTMENTS,2 in 1,8400,6,No,Yes,No,No,No
672,PLATINUM APARTMENTS,1 in 1,8600,6,No,Yes,No,No,No
672,PLATINUM APARTMENTS,4 in 1,4800,6,No,Yes,No,No,No
673,PRIME COMPLEX,2 in 1,7800,10,Yes,Yes,Yes,No,No
673,PRIME COMPLEX,3 in 1,8200,10,Yes,Yes,Yes,No,No
674,DEDURU VILLA,4 in 1,4000,55,Yes,No,Yes,No,Yes
674,DEDURU VILLA,1 in 1,8500,55,Yes,No,Yes,No,Yes
675,WESTERN PLAZA,1 in 1,7700,13,No,No,Yes,Yes,Yes
675,WESTERN PLAZA,2 in 1,9200,13,No,No,Yes,Yes,Yes
675,WESTERN PLAZA,3 in 1,4500,13,No,No,Yes,Yes,Yes
675,WESTERN PLAZA,4 in 1,4700,13,No,No,Yes,Yes,Yes
676,EMENA HEIGHTS,1 in 1,8800,11,Yes,Yes,Yes,No,Yes
676,EMENA HEIGHTS,3 in 1,8900,11,Yes,Yes,Yes,No,Yes
677,MAYFAIR CHAMBERS,4 in 1,5400,55,No,No,No,Yes,No
677,MAYFAIR CHAMBERS,3 in 1,5900,55,No,No,No,Yes,No
677,MAYFAIR CHAMBERS,1 in 1,9800,55,No,No,No,Yes,No
677,MAYFAIR CHAMBERS,2 in 1,5600,55,No,No,No,Yes,No
678,HOPE COURT,1 in 1,6300,7,No,Yes,No,No,No
678,HOPE COURT,2 in 1,8100,7,No,Yes,No,No,No
678,HOPE COURT,3 in 1,5900,7,No,Yes,No,No,No
678,HOPE COURT,4 in 1,4000,7,No,Yes,No,No,No
679,EASTERN VIEW,2 in 1,8500,10,Yes,No,Yes,Yes,No
679,EASTERN VIEW,4 in 1,5900,10,Yes,No,Yes,Yes,No
679,EASTERN VIEW,3 in 1,5800,10,Yes,No,Yes,Yes,No
679,EASTERN VIEW,1 in 1,7200,10,Yes,No,Yes,Yes,No
680,PARADISE JUNCTION,2 in 1,8700,4,Yes,No,No,No,Yes
680,PARADISE JUNCTION,1 in 1,9000,4,Yes,No,No,No,Yes
681,KOTEI PLACE,3 in 1,6500,45,Yes,Yes,No,No,No
681,KOTEI PLACE,4 in 1,8300,45,Yes,Yes,No,No,No
681,KOTEI PLACE,2 in 1,6100,45,Yes,Yes,No,No,No
682,COMFORT ANNEX,2 in 1,5500,45,Yes,No,No,Yes,No
682,COMFORT ANNEX,1 in 1,7700,45,Yes,No,No,Yes,No
682,COMFORT ANNEX,3 in 1,6600,45,Yes,No,No,Yes,No
683,SUSUANSO PARK,3 in 1,7000,40,Yes,No,Yes,No,No
683,SUSUANSO PARK,4 in 1,5100,40,Yes,No,Yes,No,No
683,SUSUANSO PARK,1 in 1,8700,40,Yes,No,Yes,No,No
684,STAR COURT,2 in 1,5800,40,No,No,Yes,Yes,No
684,STAR COURT,3 in 1,8800,40,No,No,Yes,Yes,No
684,STAR COURT,4 in 1,5400,40,No,No,Yes,Yes,No
685,AYEDUASE VILLAGE,3 in 1,8300,20,Yes,No,No,No,No
685,AYEDUASE VILLAGE,4 in 1,6000,20,Yes,No,No,No,No
686,DEDURU HALL,4 in 1,6200,20,No,No,No,Yes,No
686,DEDURU HALL,3 in 1,7500,20,No,No,No,Yes,No
686,DEDURU HALL,2 in 1,8200,20,No,No,No,Yes,No
687,CENTRAL MANSION,1 in 1,9000,9,No,No,Yes,No,No
687,CENTRAL MANSION,4 in 1,7500,9,No,No,Yes,No,No
687,CENTRAL MANSION,2 in 1,7800,9,No,No,Yes,No,No
687,CENTRAL MANSION,3 in 1,7700,9,No,No,Yes,No,No
688,EMERALD COURT,2 in 1,7400,9,Yes,Yes,Yes,No,No
688,EMERALD COURT,4 in 1,7700,9,Yes,Yes,Yes,No,No
688,EMERALD COURT,1 in 1,7800,9,Yes,Yes,Yes,No,No
689,EMERALD INN,2 in 1,9800,14,Yes,No,No,No,No
689,EMERALD INN,1 in 1,8400,14,Yes,No,No,No,No
689,EMERALD INN,4 in 1,3400,14,Yes,No,No,No,No
690,GREENFIELD RESIDENCE,1 in 1,8500,10,Yes,No,Yes,Yes,No
690,GREENFIELD RESIDENCE,2 in 1,6600,10,Yes,No,Yes,Yes,No
690,GREENFIELD RESIDENCE,3 in 1,7900,10,Yes,No,Yes,Yes,No
691,HERITAGE PLACE,2 in 1,6600,9,Yes,Yes,No,No,No
691,HERITAGE PLACE,3 in 1,6000,9,Yes,Yes,No,No,No
691,HERITAGE PLACE,4 in 1,2700,9,Yes,Yes,No,No,No
692,FAIRVIEW RESIDENCE,3 in 1,6000,45,No,Yes,No,Yes,Yes
692,FAIRVIEW RESIDENCE,4 in 1,2600,45,No,Yes,No,Yes,Yes
693,PEARL HALL,4 in 1,3100,7,No,No,Yes,No,No
693,PEARL HALL,2 in 1,8600,7,No,No,Yes,No,No
694,CEDAR COMPLEX,3 in 1,7800,70,Yes,Yes,Yes,Yes,No
694,CEDAR COMPLEX,4 in 1,6100,70,Yes,Yes,Yes,Yes,No
694,CEDAR COMPLEX,1 in 1,7500,70,Yes,Yes,Yes,Yes,No
694,CEDAR COMPLEX,2 in 1,7500,70,Yes,Yes,Yes,Yes,No
695,EMERALD APARTMENTS,4 in 1,5500,55,Yes,Yes,No,No,Yes
695,EMERALD APARTMENTS,1 in 1,7300,55,Yes,Yes,No,No,Yes
696,KRONUM INN,3 in 1,8800,110,Yes,Yes,Yes,No,Yes
696,KRONUM INN,4 in 1,6800,110,Yes,Yes,Yes,No,Yes
696,KRONUM INN,1 in 1,8200,110,Yes,Yes,Yes,No,Yes
697,SUNSET APARTMENTS,2 in 1,7600,8,No,Yes,Yes,No,No
697,SUNSET APARTMENTS,4 in 1,5800,8,No,Yes,Yes,No,No
697,SUNSET APARTMENTS,3 in 1,4000,8,No,Yes,Yes,No,No
698,SAPPHIRE OASIS,1 in 1,8200,11,Yes,Yes,Yes,No,No
698,SAPPHIRE OASIS,4 in 1,4500,11,Yes,Yes,Yes,No,No
698,SAPPHIRE OASIS,3 in 1,5200,11,Yes,Yes,Yes,No,No
698,SAPPHIRE OASIS,2 in 1,7200,11,Yes,Yes,Yes,No,No
699,FAITH PLAZA,3 in 1,9300,6,Yes,Yes,Yes,Yes,No
699,FAITH PLAZA,4 in 1,6500,6,Yes,Yes,Yes,Yes,No
700,MAPLE COMPLEX,3 in 1,5800,9,Yes,Yes,Yes,No,Yes
700,MAPLE COMPLEX,1 in 1,9000,9,Yes,Yes,Yes,No,Yes
701,HOPE PARK,2 in 1,9500,10,Yes,Yes,Yes,Yes,Yes
701,HOPE PARK,1 in 1,9300,10,Yes,Yes,Yes,Yes,Yes
702,UNITY MANSION,1 in 1,8500,4,Yes,Yes,Yes,Yes,No
702,UNITY MANSION,3 in 1,5700,4,Yes,Yes,Yes,Yes,No
702,UNITY MANSION,2 in 1,8500,4,Yes,Yes,Yes,Yes,No
702,UNITY MANSION,4 in 1,6100,4,Yes,Yes,Yes,Yes,No
703,EMERALD LODGE HOSTEL,1 in 1,9300,7,Yes,No,Yes,No,No
703,EMERALD LODGE HOSTEL,3 in 1,7600,7,Yes,No,Yes,No,No
703,EMERALD LODGE HOSTEL,2 in 1,9000,7,Yes,No,Yes,No,No
704,LAKESIDE SUITES,2 in 1,6800,14,Yes,No,No,Yes,Yes
704,LAKESIDE SUITES,3 in 1,8600,14,Yes,No,No,Yes,Yes
705,NATIONAL JUNCTION,2 in 1,7800,14,Yes,Yes,Yes,No,Yes
705,NATIONAL JUNCTION,4 in 1,8600,14,Yes,Yes,Yes,No,Yes
705,NATIONAL JUNCTION,3 in 1,5700,14,Yes,Yes,Yes,No,Yes
705,NATIONAL JUNCTION,1 in 1,9800,14,Yes,Yes,Yes,No,Yes
706,MERCY COMPLEX,2 in 1,7800,9,Yes,Yes,Yes,No,Yes
706,MERCY COMPLEX,3 in 1,5700,9,Yes,Yes,Yes,No,Yes
707,VICTORY ANNEX,3 in 1,6000,80,Yes,Yes,Yes,No,No
707,VICTORY ANNEX,1 in 1,8100,80,Yes,Yes,Yes,No,No
708,SPRING GARDENS,4 in 1,6100,14,Yes,No,No,No,Yes
708,SPRING GARDENS,3 in 1,7400,14,Yes,No,No,No,Yes
708,SPRING GARDENS,1 in 1,7900,14,Yes,No,No,No,Yes
709,STONE PLACE,4 in 1,5500,12,Yes,No,Yes,No,No
709,STONE PLACE,1 in 1,9800,12,Yes,No,Yes,No,No
709,STONE PLACE,3 in 1,9200,12,Yes,No,Yes,No,No
710,SOUTHERN HAVEN,3 in 1,7300,13,Yes,Yes,Yes,No,No
710,SOUTHERN HAVEN,2 in 1,7600,13,Yes,Yes,Yes,No,No
710,SOUTHERN HAVEN,1 in 1,8500,13,Yes,Yes,Yes,No,No
711,LION OASIS,3 in 1,7600,4,Yes,Yes,Yes,No,Yes
711,LION OASIS,1 in 1,7400,4,Yes,Yes,Yes,No,Yes
712,PRIME SUITES,3 in 1,6300,12,Yes,Yes,Yes,No,No
712,PRIME SUITES,4 in 1,3000,12,Yes,Yes,Yes,No,No
712,PRIME SUITES,2 in 1,8100,12,Yes,Yes,Yes,No,No
712,PRIME SUITES,1 in 1,9000,12,Yes,Yes,Yes,No,No
713,KRONUM ANNEX,2 in 1,6900,5,Yes,Yes,Yes,No,No
713,KRONUM ANNEX,4 in 1,7800,5,Yes,Yes,Yes,No,No
714,PHOENIX JUNCTION,1 in 1,7200,100,Yes,Yes,Yes,No,Yes
714,PHOENIX JUNCTION,4 in 1,3300,100,Yes,Yes,Yes,No,Yes
715,JOY RESIDENCE,1 in 1,8600,14,No,Yes,Yes,Yes,Yes
715,JOY RESIDENCE,3 in 1,8200,14,No,Yes,Yes,Yes,Yes
715,JOY RESIDENCE,4 in 1,8000,14,No,Yes,Yes,Yes,Yes
716,EMENA PLAZA,2 in 1,6900,10,Yes,Yes,Yes,No,Yes
716,EMENA PLAZA,3 in 1,8200,10,Yes,Yes,Yes,No,Yes
716,EMENA PLAZA,4 in 1,5400,10,Yes,Yes,Yes,No,Yes
717,STONE JUNCTION,4 in 1,5200,6,Yes,Yes,Yes,No,No
717,STONE JUNCTION,3 in 1,7900,6,Yes,Yes,Yes,No,No
718,NORTHERN HOMES,2 in 1,8400,45,No,Yes,No,Yes,No
718,NORTHERN HOMES,1 in 1,6900,45,No,Yes,No,Yes,No
718,NORTHERN HOMES,4 in 1,7700,45,No,Yes,No,Yes,No
719,JOY ESTATE,1 in 1,9700,9,Yes,Yes,No,Yes,No
719,JOY ESTATE,4 in 1,4600,9,Yes,Yes,No,Yes,No
720,PRIME MANSION,3 in 1,7200,6,No,No,Yes,No,No
720,PRIME MANSION,4 in 1,6200,6,No,No,Yes,No,No
721,MERCY HALL,2 in 1,7900,13,Yes,Yes,Yes,Yes,Yes
721,MERCY HALL,4 in 1,4700,13,Yes,Yes,Yes,Yes,Yes
721,MERCY HALL,3 in 1,5700,13,Yes,Yes,Yes,Yes,Yes
722,KOTEI HOSTEL,4 in 1,5500,8,No,No,Yes,No,No
722,KOTEI HOSTEL,2 in 1,9200,8,No,No,Yes,No,No
723,PRIME VIEW,1 in 1,8900,9,Yes,No,No,No,Yes
723,PRIME VIEW,3 in 1,6100,9,Yes,No,No,No,Yes
724,ASHFORD VIEW,1 in 1,9200,35,Yes,No,Yes,Yes,No
724,ASHFORD VIEW,3 in 1,4000,35,Yes,No,Yes,Yes,No
724,ASHFORD VIEW,4 in 1,7200,35,Yes,No,Yes,Yes,No
725,HORIZON VIEW,3 in 1,4100,125,Yes,Yes,Yes,Yes,No
725,HORIZON VIEW,4 in 1,5000,125,Yes,Yes,Yes,Yes,No
725,HORIZON VIEW,1 in 1,7300,125,Yes,Yes,Yes,Yes,No
725,HORIZON VIEW,2 in 1,5800,125,Yes,Yes,Yes,Yes,No
726,KOTEI RESIDENCE,1 in 1,9500,11,Yes,No,No,Yes,Yes
726,KOTEI RESIDENCE,2 in 1,6900,11,Yes,No,No,Yes,Yes
726,KOTEI RESIDENCE,3 in 1,7200,11,Yes,No,No,Yes,Yes
727,MODERN APARTMENTS,1 in 1,8400,14,Yes,Yes,Yes,No,Yes
727,MODERN APARTMENTS,2 in 1,8200,14,Yes,Yes,Yes,No,Yes
728,EMERALD RETREAT,2 in 1,7600,15,No,No,Yes,No,No
728,EMERALD RETREAT,3 in 1,4800,15,No,No,Yes,No,No
729,OFORIKROM LODGE HOSTEL,3 in 1,8100,50,No,No,Yes,Yes,No
729,OFORIKROM LODGE HOSTEL,4 in 1,4800,50,No,No,Yes,Yes,No
729,OFORIKROM LODGE HOSTEL,1 in 1,6900,50,No,No,Yes,Yes,No
729,OFORIKROM LODGE HOSTEL,2 in 1,7000,50,No,No,Yes,Yes,No
730,HILLTOP COMPLEX,3 in 1,8800,12,Yes,No,No,No,No
730,HILLTOP COMPLEX,1 in 1,9200,12,Yes,No,No,No,No
730,HILLTOP COMPLEX,4 in 1,5000,12,Yes,No,No,No,No
730,HILLTOP COMPLEX,2 in 1,7100,12,Yes,No,No,No,No
731,NOBLE PLAZA,4 in 1,5000,13,Yes,Yes,Yes,No,Yes
731,NOBLE PLAZA,3 in 1,9500,13,Yes,Yes,Yes,No,Yes
732,BOMSO VIEW,3 in 1,7200,4,Yes,Yes,Yes,Yes,No
732,BOMSO VIEW,1 in 1,8800,4,Yes,Yes,Yes,Yes,No
732,BOMSO VIEW,2 in 1,9000,4,Yes,Yes,Yes,Yes,No
732,BOMSO VIEW,4 in 1,5900,4,Yes,Yes,Yes,Yes,No
733,HORIZON CORNER,2 in 1,7200,40,Yes,Yes,No,No,No
733,HORIZON CORNER,1 in 1,8200,40,Yes,Yes,No,No,No
733,HORIZON CORNER,3 in 1,6600,40,Yes,Yes,No,No,No
733,HORIZON CORNER,4 in 1,5400,40,Yes,Yes,No,No,No
734,COZY APARTMENTS,2 in 1,8500,80,No,Yes,Yes,Yes,No
734,COZY APARTMENTS,1 in 1,8500,80,No,Yes,Yes,Yes,No
734,COZY APARTMENTS,3 in 1,7700,80,No,Yes,Yes,Yes,No
734,COZY APARTMENTS,4 in 1,5400,80,No,Yes,Yes,Yes,No
735,PARADISE HALL,4 in 1,5600,45,No,Yes,No,No,Yes
735,PARADISE HALL,3 in 1,4000,45,No,Yes,No,No,Yes
735,PARADISE HALL,1 in 1,9300,45,No,Yes,No,No,Yes
735,PARADISE HALL,2 in 1,8000,45,No,Yes,No,No,Yes
736,PARADISE COURT,1 in 1,9400,50,No,No,Yes,Yes,Yes
736,PARADISE COURT,4 in 1,2600,50,No,No,Yes,Yes,Yes
737,WESTERN LODGE HOSTEL,3 in 1,9500,45,Yes,Yes,No,Yes,No
737,WESTERN LODGE HOSTEL,2 in 1,7400,45,Yes,Yes,No,Yes,No
737,WESTERN LODGE HOSTEL,1 in 1,9500,45,Yes,Yes,No,Yes,No
738,SUNSET SUITES,1 in 1,7400,9,Yes,No,Yes,No,Yes
738,SUNSET SUITES,2 in 1,8400,9,Yes,No,Yes,No,Yes
738,SUNSET SUITES,4 in 1,3900,9,Yes,No,Yes,No,Yes
739,MAPLE HALL,4 in 1,4600,40,Yes,Yes,Yes,Yes,No
739,MAPLE HALL,2 in 1,9800,40,Yes,Yes,Yes,Yes,No
740,PEACE POINT,2 in 1,7300,8,Yes,No,Yes,No,No
740,PEACE POINT,3 in 1,7000,8,Yes,No,Yes,No,No
740,PEACE POINT,4 in 1,6800,8,Yes,No,Yes,No,No
741,FAVOUR VILLA,2 in 1,8200,125,Yes,No,Yes,No,No
741,FAVOUR VILLA,1 in 1,8600,125,Yes,No,Yes,No,No
741,FAVOUR VILLA,4 in 1,6000,125,Yes,No,Yes,No,No
741,FAVOUR VILLA,3 in 1,9500,125,Yes,No,Yes,No,No
742,OAK VIEW,4 in 1,5400,8,No,Yes,Yes,No,No
742,OAK VIEW,2 in 1,7800,8,No,Yes,Yes,No,No
743,KENSINGTON HOSTEL,3 in 1,8200,4,Yes,Yes,Yes,Yes,Yes
743,KENSINGTON HOSTEL,2 in 1,9100,4,Yes,Yes,Yes,Yes,Yes
744,GLOBAL ESTATE,3 in 1,8400,13,Yes,Yes,Yes,No,Yes
744,GLOBAL ESTATE,2 in 1,8400,13,Yes,Yes,Yes,No,Yes
745,JOY INN,1 in 1,7300,12,Yes,Yes,No,Yes,Yes
745,JOY INN,2 in 1,9800,12,Yes,Yes,No,Yes,Yes
746,BOMSO GARDENS,2 in 1,6000,14,Yes,No,Yes,No,Yes
746,BOMSO GARDENS,4 in 1,6000,14,Yes,No,Yes,No,Yes
746,BOMSO GARDENS,1 in 1,7700,14,Yes,No,Yes,No,Yes
746,BOMSO GARDENS,3 in 1,6600,14,Yes,No,Yes,No,Yes
747,EASTERN CHAMBERS,1 in 1,8700,8,No,Yes,Yes,No,No
747,EASTERN CHAMBERS,3 in 1,7100,8,No,Yes,Yes,No,No
747,EASTERN CHAMBERS,2 in 1,8100,8,No,Yes,Yes,No,No
747,EASTERN CHAMBERS,4 in 1,7900,8,No,Yes,Yes,No,No
748,STAR TOWERS,4 in 1,6200,8,Yes,Yes,Yes,No,No
748,STAR TOWERS,3 in 1,6300,8,Yes,Yes,Yes,No,No
748,STAR TOWERS,1 in 1,9300,8,Yes,Yes,Yes,No,No
749,GLORY JUNCTION,3 in 1,8400,4,Yes,Yes,Yes,Yes,No
749,GLORY JUNCTION,1 in 1,7200,4,Yes,Yes,Yes,Yes,No
750,PEACE LODGE,1 in 1,9000,8,Yes,No,No,No,No
750,PEACE LODGE,2 in 1,8500,8,Yes,No,No,No,No
751,MAYFAIR GARDENS,2 in 1,7100,55,Yes,Yes,Yes,No,Yes
751,MAYFAIR GARDENS,3 in 1,8700,55,Yes,Yes,Yes,No,Yes
752,GLORY GATE,2 in 1,7300,14,Yes,Yes,No,No,No
752,GLORY GATE,4 in 1,5700,14,Yes,Yes,No,No,No
753,PEACE RETREAT,2 in 1,7300,55,Yes,Yes,Yes,No,Yes
753,PEACE RETREAT,3 in 1,6700,55,Yes,Yes,Yes,No,Yes
754,GARDEN ANNEX,3 in 1,5100,8,No,Yes,No,Yes,No
754,GARDEN ANNEX,1 in 1,7000,8,No,Yes,No,Yes,No
755,CRYSTAL HEIGHTS,2 in 1,9700,12,Yes,No,No,Yes,No
755,CRYSTAL HEIGHTS,1 in 1,7600,12,Yes,No,No,Yes,No
755,CRYSTAL HEIGHTS,4 in 1,4000,12,Yes,No,No,Yes,No
756,EAGLE GATE,2 in 1,5000,8,No,No,Yes,Yes,Yes
756,EAGLE GATE,3 in 1,5700,8,No,No,Yes,Yes,Yes
757,GREENFIELD PLACE,4 in 1,3500,12,Yes,No,Yes,Yes,No
757,GREENFIELD PLACE,1 in 1,9800,12,Yes,No,Yes,Yes,No
758,FAIRVIEW VILLAGE,3 in 1,8100,7,Yes,Yes,No,No,Yes
758,FAIRVIEW VILLAGE,1 in 1,7700,7,Yes,Yes,No,No,Yes
758,FAIRVIEW VILLAGE,2 in 1,9800,7,Yes,Yes,No,No,Yes
758,FAIRVIEW VILLAGE,4 in 1,7000,7,Yes,Yes,No,No,Yes
759,BOMSO POINT,2 in 1,7100,8,Yes,Yes,Yes,Yes,No
759,BOMSO POINT,4 in 1,2600,8,Yes,Yes,Yes,Yes,No
759,BOMSO POINT,3 in 1,9500,8,Yes,Yes,Yes,Yes,No
760,NORTHERN OASIS,1 in 1,7100,11,Yes,No,No,No,No
760,NORTHERN OASIS,3 in 1,4300,11,Yes,No,No,No,No
760,NORTHERN OASIS,2 in 1,8900,11,Yes,No,No,No,No
761,PALM MANOR,2 in 1,9800,14,No,Yes,Yes,No,Yes
761,PALM MANOR,3 in 1,8700,14,No,Yes,Yes,No,Yes
761,PALM MANOR,4 in 1,6300,14,No,Yes,Yes,No,Yes
761,PALM MANOR,1 in 1,9000,14,No,Yes,Yes,No,Yes
762,KENTINKRONO SUITES,4 in 1,6800,9,Yes,Yes,Yes,No,No
762,KENTINKRONO SUITES,3 in 1,7800,9,Yes,Yes,Yes,No,No
763,CRYSTAL HAVEN,2 in 1,7900,6,No,Yes,Yes,Yes,No
763,CRYSTAL HAVEN,4 in 1,5700,6,No,Yes,Yes,Yes,No
764,TRIUMPH GARDENS,3 in 1,6600,10,Yes,Yes,Yes,No,No
764,TRIUMPH GARDENS,1 in 1,7700,10,Yes,Yes,Yes,No,No
765,ATLANTIC GARDENS,3 in 1,6300,45,Yes,Yes,No,No,No
765,ATLANTIC GARDENS,4 in 1,3000,45,Yes,Yes,No,No,No
766,ATLANTIC HALL,2 in 1,7400,20,Yes,Yes,Yes,Yes,Yes
766,ATLANTIC HALL,4 in 1,4000,20,Yes,Yes,Yes,Yes,Yes
766,ATLANTIC HALL,3 in 1,5100,20,Yes,Yes,Yes,Yes,Yes
766,ATLANTIC HALL,1 in 1,8600,20,Yes,Yes,Yes,Yes,Yes
767,MERCY SUITES,4 in 1,7600,30,Yes,Yes,Yes,No,No
767,MERCY SUITES,1 in 1,9300,30,Yes,Yes,Yes,No,No
767,MERCY SUITES,3 in 1,4400,30,Yes,Yes,Yes,No,No
768,OXFORD HOSTEL,1 in 1,7500,4,No,No,Yes,Yes,Yes
768,OXFORD HOSTEL,4 in 1,6900,4,No,No,Yes,Yes,Yes
768,OXFORD HOSTEL,3 in 1,5200,4,No,No,Yes,Yes,Yes
768,OXFORD HOSTEL,2 in 1,7200,4,No,No,Yes,Yes,Yes
769,PLATINUM VILLAGE,2 in 1,8300,4,Yes,Yes,Yes,Yes,Yes
769,PLATINUM VILLAGE,3 in 1,5300,4,Yes,Yes,Yes,Yes,Yes
769,PLATINUM VILLAGE,1 in 1,8500,4,Yes,Yes,Yes,Yes,Yes
770,KENTINKRONO MANSION,2 in 1,5700,12,Yes,Yes,Yes,Yes,No
770,KENTINKRONO MANSION,4 in 1,4600,12,Yes,Yes,Yes,Yes,No
771,BLESSING HAVEN,4 in 1,6000,5,Yes,Yes,Yes,No,No
771,BLESSING HAVEN,3 in 1,4400,5,Yes,Yes,Yes,No,No
772,SUMMIT RETREAT,3 in 1,7300,15,Yes,Yes,Yes,No,No
772,SUMMIT RETREAT,1 in 1,8400,15,Yes,Yes,Yes,No,No
772,SUMMIT RETREAT,4 in 1,6300,15,Yes,Yes,Yes,No,No
773,UNITY HAVEN,4 in 1,5800,8,Yes,Yes,Yes,Yes,No
773,UNITY HAVEN,2 in 1,9400,8,Yes,Yes,Yes,Yes,No
773,UNITY HAVEN,1 in 1,8500,8,Yes,Yes,Yes,Yes,No
774,KRONUM HAVEN,2 in 1,7000,6,Yes,Yes,Yes,No,Yes
774,KRONUM HAVEN,3 in 1,6800,6,Yes,Yes,Yes,No,Yes
774,KRONUM HAVEN,1 in 1,8900,6,Yes,Yes,Yes,No,Yes
774,KRONUM HAVEN,4 in 1,5600,6,Yes,Yes,Yes,No,Yes
775,PREMIER CHAMBERS,3 in 1,6700,12,No,No,No,Yes,No
775,PREMIER CHAMBERS,2 in 1,6600,12,No,No,No,Yes,No
775,PREMIER CHAMBERS,1 in 1,7800,12,No,No,No,Yes,No
776,CENTRAL HOSTEL,2 in 1,5600,14,Yes,No,Yes,No,No
776,CENTRAL HOSTEL,1 in 1,9800,14,Yes,No,Yes,No,No
777,CLASSIC ESTATE,4 in 1,3600,35,Yes,Yes,No,No,Yes
777,CLASSIC ESTATE,1 in 1,7700,35,Yes,Yes,No,No,Yes
778,LION PLAZA,4 in 1,4400,30,Yes,Yes,No,No,Yes
778,LION PLAZA,3 in 1,8000,30,Yes,Yes,No,No,Yes
779,BRIGHTON RETREAT,1 in 1,8100,20,No,No,Yes,No,Yes
779,BRIGHTON RETREAT,4 in 1,7400,20,No,No,Yes,No,Yes
780,DEDURU VIEW,1 in 1,7800,4,No,Yes,Yes,No,Yes
780,DEDURU VIEW,3 in 1,7100,4,No,Yes,Yes,No,Yes
780,DEDURU VIEW,2 in 1,6400,4,No,Yes,Yes,No,Yes
781,OXFORD RETREAT,1 in 1,9800,7,No,No,No,Yes,No
781,OXFORD RETREAT,3 in 1,4900,7,No,No,No,Yes,No
782,BRONZE COMPLEX,4 in 1,6000,14,Yes,Yes,Yes,No,No
782,BRONZE COMPLEX,2 in 1,8400,14,Yes,Yes,Yes,No,No
783,JOY CORNER,1 in 1,8800,14,Yes,No,Yes,Yes,Yes
783,JOY CORNER,2 in 1,7300,14,Yes,No,Yes,Yes,Yes
783,JOY CORNER,4 in 1,5300,14,Yes,No,Yes,Yes,Yes
784,BELMONT HALL,2 in 1,7600,9,Yes,No,Yes,Yes,Yes
784,BELMONT HALL,1 in 1,8300,9,Yes,No,Yes,Yes,Yes
785,EJISU ROAD GATE,4 in 1,6900,9,No,Yes,Yes,Yes,Yes
785,EJISU ROAD GATE,2 in 1,9800,9,No,Yes,Yes,Yes,Yes
785,EJISU ROAD GATE,1 in 1,7900,9,No,Yes,Yes,Yes,Yes
786,COMFORT POINT,1 in 1,7100,4,Yes,No,Yes,Yes,No
786,COMFORT POINT,3 in 1,6500,4,Yes,No,Yes,Yes,No
786,COMFORT POINT,4 in 1,9400,4,Yes,No,Yes,Yes,No
787,PHOENIX OASIS,2 in 1,6400,8,Yes,No,Yes,Yes,No
787,PHOENIX OASIS,3 in 1,9000,8,Yes,No,Yes,Yes,No
788,STONE POINT,1 in 1,9800,20,Yes,Yes,No,No,No
788,STONE POINT,4 in 1,4700,20,Yes,Yes,No,No,No
789,TOPAZ TOWERS,3 in 1,7500,5,Yes,Yes,Yes,No,No
789,TOPAZ TOWERS,2 in 1,9800,5,Yes,Yes,Yes,No,No
789,TOPAZ TOWERS,4 in 1,4900,5,Yes,Yes,Yes,No,No
790,FAITH OASIS,3 in 1,6400,15,Yes,No,No,Yes,No
790,FAITH OASIS,4 in 1,4600,15,Yes,No,No,Yes,No
791,HORIZON CHAMBERS,4 in 1,4000,8,No,Yes,Yes,Yes,Yes
791,HORIZON CHAMBERS,3 in 1,5700,8,No,Yes,Yes,Yes,Yes
791,HORIZON CHAMBERS,2 in 1,5900,8,No,Yes,Yes,Yes,Yes
792,GREENFIELD APARTMENTS,4 in 1,5600,6,Yes,No,No,Yes,No
792,GREENFIELD APARTMENTS,2 in 1,6500,6,Yes,No,No,Yes,No
793,EMENA RESIDENCE,4 in 1,5900,40,Yes,No,Yes,Yes,No
793,EMENA RESIDENCE,3 in 1,4400,40,Yes,No,Yes,Yes,No
793,EMENA RESIDENCE,1 in 1,8700,40,Yes,No,Yes,Yes,No
794,REGAL PARK,2 in 1,8700,125,Yes,No,Yes,No,No
794,REGAL PARK,4 in 1,2600,125,Yes,No,Yes,No,No
795,TRIUMPH HEIGHTS,2 in 1,8100,5,Yes,No,Yes,No,No
795,TRIUMPH HEIGHTS,1 in 1,9600,5,Yes,No,Yes,No,No
795,TRIUMPH HEIGHTS,3 in 1,4900,5,Yes,No,Yes,No,No
796,MAYFAIR HALL,3 in 1,9100,40,Yes,No,Yes,Yes,No
796,MAYFAIR HALL,4 in 1,6100,40,Yes,No,Yes,Yes,No
797,NATIONAL VILLAGE,1 in 1,7700,55,Yes,No,No,No,Yes
797,NATIONAL VILLAGE,4 in 1,5400,55,Yes,No,No,No,Yes
797,NATIONAL VILLAGE,2 in 1,8300,55,Yes,No,No,No,Yes
798,BELMONT VIEW,1 in 1,8500,7,Yes,Yes,No,No,No
798,BELMONT VIEW,4 in 1,6300,7,Yes,Yes,No,No,No
799,EASTERN PLACE,4 in 1,4100,8,Yes,Yes,Yes,No,No
799,EASTERN PLACE,1 in 1,8600,8,Yes,Yes,Yes,No,No
799,EASTERN PLACE,3 in 1,4600,8,Yes,Yes,Yes,No,No
799,EASTERN PLACE,2 in 1,7400,8,Yes,Yes,Yes,No,No
800,GREENFIELD VILLAGE,1 in 1,7500,13,Yes,No,Yes,No,Yes
800,GREENFIELD VILLAGE,3 in 1,5600,13,Yes,No,Yes,No,Yes
801,OFORIKROM POINT,4 in 1,7300,110,No,No,Yes,Yes,No
801,OFORIKROM POINT,3 in 1,8200,110,No,No,Yes,Yes,No
801,OFORIKROM POINT,2 in 1,8400,110,No,No,Yes,Yes,No
801,OFORIKROM POINT,1 in 1,7400,110,No,No,Yes,Yes,No
802,MAYFAIR PLACE,4 in 1,5000,40,Yes,No,No,No,No
802,MAYFAIR PLACE,2 in 1,9200,40,Yes,No,No,No,No
802,MAYFAIR PLACE,1 in 1,8500,40,Yes,No,No,No,No
802,MAYFAIR PLACE,3 in 1,9500,40,Yes,No,No,No,No
803,BOMSO HAVEN,3 in 1,7200,40,Yes,Yes,Yes,No,No
803,BOMSO HAVEN,1 in 1,8600,40,Yes,Yes,Yes,No,No
803,BOMSO HAVEN,4 in 1,5000,40,Yes,Yes,Yes,No,No
803,BOMSO HAVEN,2 in 1,7700,40,Yes,Yes,Yes,No,No
804,FAITH HEIGHTS,1 in 1,8300,9,Yes,Yes,No,Yes,Yes
804,FAITH HEIGHTS,2 in 1,8500,9,Yes,Yes,No,Yes,Yes
805,MAPLE OASIS,2 in 1,8900,110,No,No,No,Yes,No
805,MAPLE OASIS,1 in 1,7600,110,No,No,No,Yes,No
805,MAPLE OASIS,4 in 1,3500,110,No,No,No,Yes,No
806,IVORY LODGE HOSTEL,4 in 1,2800,20,Yes,No,Yes,No,No
806,IVORY LODGE HOSTEL,2 in 1,8200,20,Yes,No,Yes,No,No
807,EMERALD SUITES,1 in 1,7300,40,Yes,No,Yes,No,Yes
807,EMERALD SUITES,3 in 1,4000,40,Yes,No,Yes,No,Yes
808,BELMONT PLAZA,1 in 1,8800,9,Yes,No,Yes,Yes,No
808,BELMONT PLAZA,3 in 1,9500,9,Yes,No,Yes,Yes,No
809,FAMILY HEIGHTS,3 in 1,6700,8,No,Yes,Yes,Yes,No
809,FAMILY HEIGHTS,2 in 1,8700,8,No,Yes,Yes,Yes,No
809,FAMILY HEIGHTS,4 in 1,5600,8,No,Yes,Yes,Yes,No
810,SUSUANSO CHAMBERS,2 in 1,7400,4,Yes,Yes,Yes,Yes,Yes
810,SUSUANSO CHAMBERS,4 in 1,6900,4,Yes,Yes,Yes,Yes,Yes
810,SUSUANSO CHAMBERS,3 in 1,6200,4,Yes,Yes,Yes,Yes,Yes
811,OFORIKROM PLAZA,2 in 1,7900,15,Yes,No,Yes,Yes,Yes
811,OFORIKROM PLAZA,4 in 1,6000,15,Yes,No,Yes,Yes,Yes
812,CENTRAL APARTMENTS,1 in 1,7800,10,Yes,No,No,No,Yes
812,CENTRAL APARTMENTS,3 in 1,8100,10,Yes,No,No,No,Yes
813,GARDEN POINT,1 in 1,8200,14,Yes,Yes,Yes,No,No
813,GARDEN POINT,3 in 1,5600,14,Yes,Yes,Yes,No,No
814,BRONZE MANOR,3 in 1,7400,5,Yes,No,No,No,Yes
814,BRONZE MANOR,4 in 1,4200,5,Yes,No,No,No,Yes
814,BRONZE MANOR,2 in 1,7600,5,Yes,No,No,No,Yes
814,BRONZE MANOR,1 in 1,8400,5,Yes,No,No,No,Yes
815,RUBY RESIDENCE,2 in 1,9000,110,Yes,Yes,Yes,No,No
815,RUBY RESIDENCE,4 in 1,6200,110,Yes,Yes,Yes,No,No
816,KRONUM HALL,4 in 1,5500,6,Yes,No,Yes,No,No
816,KRONUM HALL,3 in 1,7800,6,Yes,No,Yes,No,No
817,EJISU ROAD CORNER,3 in 1,8700,11,Yes,Yes,Yes,No,Yes
817,EJISU ROAD CORNER,1 in 1,8900,11,Yes,Yes,Yes,No,Yes
818,EMENA VILLA,2 in 1,7600,8,Yes,No,Yes,No,No
818,EMENA VILLA,3 in 1,4800,8,Yes,No,Yes,No,No
818,EMENA VILLA,1 in 1,7400,8,Yes,No,Yes,No,No
819,CLASSIC POINT,3 in 1,6200,20,Yes,Yes,Yes,Yes,No
819,CLASSIC POINT,4 in 1,4600,20,Yes,Yes,Yes,Yes,No
820,ELITE JUNCTION,3 in 1,6400,9,No,No,No,No,No
820,ELITE JUNCTION,1 in 1,8500,9,No,No,No,No,No
821,CENTRAL HOMES,3 in 1,7400,13,Yes,Yes,Yes,Yes,Yes
821,CENTRAL HOMES,1 in 1,8300,13,Yes,Yes,Yes,Yes,Yes
822,EMENA MANOR,4 in 1,6200,4,Yes,No,Yes,No,Yes
822,EMENA MANOR,2 in 1,7600,4,Yes,No,Yes,No,Yes
822,EMENA MANOR,3 in 1,4000,4,Yes,No,Yes,No,Yes
822,EMENA MANOR,1 in 1,7500,4,Yes,No,Yes,No,Yes
823,EJISU ROAD INN,2 in 1,7300,60,Yes,No,No,No,No
823,EJISU ROAD INN,4 in 1,3700,60,Yes,No,No,No,No
824,PLATINUM INN,2 in 1,8400,14,Yes,Yes,No,No,No
824,PLATINUM INN,4 in 1,7800,14,Yes,Yes,No,No,No
825,RIVERSIDE MANOR,2 in 1,9200,6,Yes,Yes,No,Yes,No
825,RIVERSIDE MANOR,3 in 1,6400,6,Yes,Yes,No,Yes,No
826,GARDEN HOSTEL,1 in 1,9800,8,No,Yes,Yes,No,Yes
826,GARDEN HOSTEL,4 in 1,5700,8,No,Yes,Yes,No,Yes
827,VICTORY HEIGHTS,4 in 1,5000,90,Yes,Yes,No,Yes,Yes
827,VICTORY HEIGHTS,3 in 1,5800,90,Yes,Yes,No,Yes,Yes
827,VICTORY HEIGHTS,1 in 1,8100,90,Yes,Yes,No,Yes,Yes
828,STAR SUITES,1 in 1,8000,13,Yes,Yes,No,Yes,Yes
828,STAR SUITES,2 in 1,7800,13,Yes,Yes,No,Yes,Yes
828,STAR SUITES,3 in 1,6900,13,Yes,Yes,No,Yes,Yes
828,STAR SUITES,4 in 1,5500,13,Yes,Yes,No,Yes,Yes
829,EJISU ROAD PARK,3 in 1,7300,15,No,No,Yes,Yes,Yes
829,EJISU ROAD PARK,2 in 1,9200,15,No,No,Yes,Yes,Yes
829,EJISU ROAD PARK,1 in 1,9300,15,No,No,Yes,Yes,Yes
829,EJISU ROAD PARK,4 in 1,3300,15,No,No,Yes,Yes,Yes
830,CENTRAL HALL,2 in 1,5000,7,Yes,Yes,No,Yes,No
830,CENTRAL HALL,1 in 1,9300,7,Yes,Yes,No,Yes,No
831,COZY VIEW,4 in 1,3500,15,Yes,Yes,No,No,No
831,COZY VIEW,3 in 1,6300,15,Yes,Yes,No,No,No
831,COZY VIEW,1 in 1,7300,15,Yes,Yes,No,No,No
831,COZY VIEW,2 in 1,5100,15,Yes,Yes,No,No,No
832,OAK APARTMENTS,2 in 1,8300,8,Yes,Yes,Yes,Yes,Yes
832,OAK APARTMENTS,4 in 1,6600,8,Yes,Yes,Yes,Yes,Yes
832,OAK APARTMENTS,1 in 1,7800,8,Yes,Yes,Yes,Yes,Yes
832,OAK APARTMENTS,3 in 1,4000,8,Yes,Yes,Yes,Yes,Yes
833,DEDURU COURT,1 in 1,7900,11,No,No,Yes,No,No
833,DEDURU COURT,3 in 1,7200,11,No,No,Yes,No,No
833,DEDURU COURT,4 in 1,3300,11,No,No,Yes,No,No
834,MAPLE VILLAGE,3 in 1,6900,12,Yes,Yes,Yes,No,No
834,MAPLE VILLAGE,2 in 1,7500,12,Yes,Yes,Yes,No,No
834,MAPLE VILLAGE,4 in 1,6400,12,Yes,Yes,Yes,No,No
835,BRONZE POINT,2 in 1,7700,40,No,Yes,Yes,Yes,Yes
835,BRONZE POINT,4 in 1,4100,40,No,Yes,Yes,Yes,Yes
835,BRONZE POINT,3 in 1,8400,40,No,Yes,Yes,Yes,Yes
836,GLOBAL INN,2 in 1,7300,20,Yes,Yes,No,No,Yes
836,GLOBAL INN,4 in 1,5500,20,Yes,Yes,No,No,Yes
837,REGAL HEIGHTS,3 in 1,5300,5,Yes,No,No,Yes,No
837,REGAL HEIGHTS,2 in 1,6900,5,Yes,No,No,Yes,No
838,AYIGYA APARTMENTS,2 in 1,6300,8,No,No,No,No,No
838,AYIGYA APARTMENTS,3 in 1,6400,8,No,No,No,No,No
839,KENTINKRONO TOWERS,2 in 1,9800,15,Yes,Yes,No,No,No
839,KENTINKRONO TOWERS,1 in 1,7100,15,Yes,Yes,No,No,No
839,KENTINKRONO TOWERS,4 in 1,3100,15,Yes,Yes,No,No,No
839,KENTINKRONO TOWERS,3 in 1,8800,15,Yes,Yes,No,No,No
840,SUNSET HEIGHTS,4 in 1,5200,9,No,Yes,Yes,Yes,No
840,SUNSET HEIGHTS,1 in 1,7800,9,No,Yes,Yes,Yes,No
841,PARADISE SUITES,2 in 1,9000,7,No,No,Yes,No,No
841,PARADISE SUITES,4 in 1,4600,7,No,No,Yes,No,No
841,PARADISE SUITES,1 in 1,9800,7,No,No,Yes,No,No
841,PARADISE SUITES,3 in 1,7600,7,No,No,Yes,No,No
842,HERITAGE JUNCTION,3 in 1,6000,14,Yes,No,Yes,Yes,Yes
842,HERITAGE JUNCTION,2 in 1,9800,14,Yes,No,Yes,Yes,Yes
843,DIAMOND GARDENS,1 in 1,7800,9,Yes,Yes,Yes,No,Yes
843,DIAMOND GARDENS,2 in 1,8600,9,Yes,Yes,Yes,No,Yes
844,EJISU ROAD VILLAGE,1 in 1,8700,7,Yes,Yes,Yes,Yes,No
844,EJISU ROAD VILLAGE,4 in 1,7400,7,Yes,Yes,Yes,Yes,No
844,EJISU ROAD VILLAGE,2 in 1,9700,7,Yes,Yes,Yes,Yes,No
845,SUSUANSO LODGE HOSTEL,1 in 1,8400,8,Yes,No,Yes,Yes,Yes
845,SUSUANSO LODGE HOSTEL,2 in 1,6500,8,Yes,No,Yes,Yes,Yes
845,SUSUANSO LODGE HOSTEL,3 in 1,7300,8,Yes,No,Yes,Yes,Yes
845,SUSUANSO LODGE HOSTEL,4 in 1,4500,8,Yes,No,Yes,Yes,Yes
846,IMPERIAL JUNCTION,3 in 1,9500,14,Yes,No,Yes,Yes,Yes
846,IMPERIAL JUNCTION,2 in 1,7700,14,Yes,No,Yes,Yes,Yes
847,PEACE CHAMBERS,3 in 1,6100,35,Yes,Yes,No,No,Yes
847,PEACE CHAMBERS,4 in 1,5800,35,Yes,Yes,No,No,Yes
848,OPAL LODGE,2 in 1,5700,6,No,Yes,Yes,Yes,No
848,OPAL LODGE,4 in 1,4100,6,No,Yes,Yes,Yes,No
849,SUSUANSO ANNEX,4 in 1,7300,15,Yes,No,Yes,Yes,No
849,SUSUANSO ANNEX,3 in 1,5700,15,Yes,No,Yes,Yes,No
850,HORIZON COURT,4 in 1,3900,50,Yes,No,No,No,Yes
850,HORIZON COURT,3 in 1,7400,50,Yes,No,No,No,Yes
850,HORIZON COURT,2 in 1,9200,50,Yes,No,No,No,Yes
850,HORIZON COURT,1 in 1,9100,50,Yes,No,No,No,Yes
851,OAK LODGE,2 in 1,8900,50,Yes,No,No,No,Yes
851,OAK LODGE,3 in 1,5600,50,Yes,No,No,No,Yes
851,OAK LODGE,4 in 1,3400,50,Yes,No,No,No,Yes
851,OAK LODGE,1 in 1,9800,50,Yes,No,No,No,Yes
852,RIVERSIDE PLAZA,4 in 1,5000,14,Yes,Yes,No,No,No
852,RIVERSIDE PLAZA,1 in 1,8200,14,Yes,Yes,No,No,No
852,RIVERSIDE PLAZA,3 in 1,8600,14,Yes,Yes,No,No,No
853,LAKESIDE PARK,3 in 1,7500,35,Yes,Yes,Yes,Yes,No
853,LAKESIDE PARK,2 in 1,8200,35,Yes,Yes,Yes,Yes,No
854,MAPLE INN,3 in 1,9500,30,Yes,No,No,No,No
854,MAPLE INN,4 in 1,4500,30,Yes,No,No,No,No
855,HORIZON HEIGHTS,4 in 1,6900,70,Yes,No,Yes,No,Yes
855,HORIZON HEIGHTS,2 in 1,7600,70,Yes,No,Yes,No,Yes
856,BOMSO RESIDENCE,4 in 1,5900,12,Yes,Yes,Yes,Yes,No
856,BOMSO RESIDENCE,2 in 1,9600,12,Yes,Yes,Yes,Yes,No
856,BOMSO RESIDENCE,1 in 1,8900,12,Yes,Yes,Yes,Yes,No
857,AYEDUASE MANSION,2 in 1,8300,70,No,No,No,No,No
857,AYEDUASE MANSION,3 in 1,8200,70,No,No,No,No,No
857,AYEDUASE MANSION,1 in 1,8100,70,No,No,No,No,No
857,AYEDUASE MANSION,4 in 1,4300,70,No,No,No,No,No
858,MODERN CORNER,1 in 1,7400,15,Yes,Yes,No,Yes,No
858,MODERN CORNER,4 in 1,2600,15,Yes,Yes,No,Yes,No
858,MODERN CORNER,3 in 1,9500,15,Yes,Yes,No,Yes,No
859,BOMSO HALL,1 in 1,7300,13,Yes,No,No,No,Yes
859,BOMSO HALL,2 in 1,7200,13,Yes,No,No,No,Yes
860,DIAMOND VILLAGE,4 in 1,5100,90,No,Yes,No,Yes,No
860,DIAMOND VILLAGE,3 in 1,7100,90,No,Yes,No,Yes,No
861,BOADI HOSTEL,1 in 1,9200,35,Yes,Yes,No,No,No
861,BOADI HOSTEL,2 in 1,8700,35,Yes,Yes,No,No,No
861,BOADI HOSTEL,4 in 1,4600,35,Yes,Yes,No,No,No
861,BOADI HOSTEL,3 in 1,6400,35,Yes,Yes,No,No,No
862,VICTORY HOSTEL,4 in 1,5900,60,Yes,Yes,Yes,No,No
862,VICTORY HOSTEL,2 in 1,7200,60,Yes,Yes,Yes,No,No
862,VICTORY HOSTEL,1 in 1,9800,60,Yes,Yes,Yes,No,No
862,VICTORY HOSTEL,3 in 1,7400,60,Yes,Yes,Yes,No,No
863,WOODLAND HOMES,2 in 1,8600,7,No,Yes,Yes,Yes,No
863,WOODLAND HOMES,1 in 1,9000,7,No,Yes,Yes,Yes,No
864,ASHFORD PLAZA,1 in 1,9500,7,Yes,No,Yes,No,No
864,ASHFORD PLAZA,4 in 1,5800,7,Yes,No,Yes,No,No
864,ASHFORD PLAZA,2 in 1,5800,7,Yes,No,Yes,No,No
864,ASHFORD PLAZA,3 in 1,7200,7,Yes,No,Yes,No,No
865,OXFORD ANNEX,3 in 1,5700,13,No,Yes,No,Yes,No
865,OXFORD ANNEX,4 in 1,4700,13,No,Yes,No,Yes,No
866,WOODLAND COMPLEX,2 in 1,8300,30,Yes,No,Yes,No,No
866,WOODLAND COMPLEX,3 in 1,8500,30,Yes,No,Yes,No,No
867,NATIONAL PLACE,4 in 1,5500,55,Yes,No,No,Yes,Yes
867,NATIONAL PLACE,3 in 1,7100,55,Yes,No,No,Yes,Yes
868,MAYFAIR POINT,3 in 1,9100,11,Yes,No,Yes,No,No
868,MAYFAIR POINT,2 in 1,7900,11,Yes,No,Yes,No,No
868,MAYFAIR POINT,4 in 1,9400,11,Yes,No,Yes,No,No
869,PEARL RESIDENCE,1 in 1,9000,6,Yes,No,Yes,No,No
869,PEARL RESIDENCE,2 in 1,5100,6,Yes,No,Yes,No,No
870,SILVER OASIS,3 in 1,7800,14,Yes,Yes,No,No,No
870,SILVER OASIS,1 in 1,8800,14,Yes,Yes,No,No,No
871,GLOBAL VIEW,2 in 1,9300,9,Yes,No,Yes,Yes,Yes
871,GLOBAL VIEW,4 in 1,6500,9,Yes,No,Yes,Yes,Yes
872,BLESSING COURT,1 in 1,8300,11,No,No,Yes,No,Yes
872,BLESSING COURT,3 in 1,4900,11,No,No,Yes,No,Yes
873,MAPLE VILLA,4 in 1,5200,10,Yes,No,Yes,No,Yes
873,MAPLE VILLA,2 in 1,6400,10,Yes,No,Yes,No,Yes
873,MAPLE VILLA,1 in 1,7800,10,Yes,No,Yes,No,Yes
873,MAPLE VILLA,3 in 1,7500,10,Yes,No,Yes,No,Yes
874,ASHFORD COMPLEX,1 in 1,9800,9,No,No,Yes,Yes,No
874,ASHFORD COMPLEX,3 in 1,7200,9,No,No,Yes,Yes,No
874,ASHFORD COMPLEX,2 in 1,5900,9,No,No,Yes,Yes,No
875,PARADISE VILLAGE,4 in 1,6200,10,No,No,No,No,No
875,PARADISE VILLAGE,2 in 1,9200,10,No,No,No,No,No
876,UNITY ANNEX,4 in 1,4600,8,Yes,No,Yes,No,No
876,UNITY ANNEX,2 in 1,7400,8,Yes,No,Yes,No,No
877,LAKESIDE INN,4 in 1,5500,9,Yes,No,No,No,No
877,LAKESIDE INN,3 in 1,5500,9,Yes,No,No,No,No
878,FAVOUR HEIGHTS,3 in 1,7600,35,Yes,Yes,No,No,Yes
878,FAVOUR HEIGHTS,2 in 1,7400,35,Yes,Yes,No,No,Yes
879,GLORY PLAZA,3 in 1,7300,14,Yes,Yes,No,No,No
879,GLORY PLAZA,2 in 1,6300,14,Yes,Yes,No,No,No
879,GLORY PLAZA,1 in 1,8000,14,Yes,Yes,No,No,No
880,TOPAZ VILLA,3 in 1,7700,55,Yes,Yes,Yes,Yes,Yes
880,TOPAZ VILLA,1 in 1,8000,55,Yes,Yes,Yes,Yes,Yes
881,KRONUM GARDENS,4 in 1,8100,35,Yes,No,Yes,No,No
881,KRONUM GARDENS,2 in 1,7000,35,Yes,No,Yes,No,No
882,ASHFORD ESTATE,2 in 1,7900,10,Yes,Yes,Yes,Yes,Yes
882,ASHFORD ESTATE,4 in 1,6900,10,Yes,Yes,Yes,Yes,Yes
882,ASHFORD ESTATE,1 in 1,7000,10,Yes,Yes,Yes,Yes,Yes
883,TRIUMPH RETREAT,1 in 1,6700,10,Yes,No,No,Yes,No
883,TRIUMPH RETREAT,4 in 1,3200,10,Yes,No,No,Yes,No
884,SPRING RESIDENCE,2 in 1,9300,13,Yes,Yes,No,No,No
884,SPRING RESIDENCE,3 in 1,5900,13,Yes,Yes,No,No,No
885,AMBER ESTATE,2 in 1,9800,10,Yes,No,Yes,Yes,Yes
885,AMBER ESTATE,1 in 1,7900,10,Yes,No,Yes,Yes,Yes
885,AMBER ESTATE,3 in 1,6900,10,Yes,No,Yes,Yes,Yes
886,CRYSTAL COMPLEX,3 in 1,8900,6,No,No,Yes,No,Yes
886,CRYSTAL COMPLEX,2 in 1,9800,6,No,No,Yes,No,Yes
887,FAVOUR APARTMENTS,4 in 1,8600,9,Yes,Yes,No,Yes,Yes
887,FAVOUR APARTMENTS,2 in 1,9200,9,Yes,Yes,No,Yes,Yes
887,FAVOUR APARTMENTS,3 in 1,8100,9,Yes,Yes,No,Yes,Yes
887,FAVOUR APARTMENTS,1 in 1,9000,9,Yes,Yes,No,Yes,Yes
888,LAKESIDE HALL,2 in 1,8600,8,No,Yes,Yes,No,Yes
888,LAKESIDE HALL,1 in 1,7900,8,No,Yes,Yes,No,Yes
889,BOMSO PLACE,1 in 1,7600,9,Yes,Yes,Yes,Yes,No
889,BOMSO PLACE,3 in 1,6700,9,Yes,Yes,Yes,Yes,No
889,BOMSO PLACE,2 in 1,7300,9,Yes,Yes,Yes,Yes,No
889,BOMSO PLACE,4 in 1,4800,9,Yes,Yes,Yes,Yes,No
890,JOY TOWERS,3 in 1,7700,100,Yes,No,Yes,No,Yes
890,JOY TOWERS,2 in 1,8900,100,Yes,No,Yes,No,Yes
890,JOY TOWERS,1 in 1,8500,100,Yes,No,Yes,No,Yes
890,JOY TOWERS,4 in 1,7700,100,Yes,No,Yes,No,Yes
891,OXFORD VILLAGE,4 in 1,3800,60,Yes,No,Yes,Yes,No
891,OXFORD VILLAGE,2 in 1,7300,60,Yes,No,Yes,Yes,No
891,OXFORD VILLAGE,1 in 1,7700,60,Yes,No,Yes,Yes,No
892,AYIGYA RETREAT,2 in 1,5000,7,Yes,No,No,Yes,Yes
892,AYIGYA RETREAT,4 in 1,5400,7,Yes,No,No,Yes,Yes
892,AYIGYA RETREAT,1 in 1,8300,7,Yes,No,No,Yes,Yes
892,AYIGYA RETREAT,3 in 1,8900,7,Yes,No,No,Yes,Yes
893,FAVOUR PLAZA,3 in 1,7600,14,Yes,Yes,No,Yes,Yes
893,FAVOUR PLAZA,2 in 1,6100,14,Yes,Yes,No,Yes,Yes
894,JADE CHAMBERS,1 in 1,9800,14,Yes,Yes,Yes,No,No
894,JADE CHAMBERS,3 in 1,8400,14,Yes,Yes,Yes,No,No
894,JADE CHAMBERS,4 in 1,6400,14,Yes,Yes,Yes,No,No
895,GOLD VILLA,3 in 1,6300,8,Yes,No,No,Yes,No
895,GOLD VILLA,1 in 1,7500,8,Yes,No,No,Yes,No
896,BELMONT HAVEN,2 in 1,7000,12,Yes,Yes,Yes,No,Yes
896,BELMONT HAVEN,1 in 1,9500,12,Yes,Yes,Yes,No,Yes
896,BELMONT HAVEN,3 in 1,9400,12,Yes,Yes,Yes,No,Yes
896,BELMONT HAVEN,4 in 1,7800,12,Yes,Yes,Yes,No,Yes
897,GOLDEN LODGE HOSTEL,3 in 1,6000,6,Yes,No,No,No,No
897,GOLDEN LODGE HOSTEL,4 in 1,3800,6,Yes,No,No,No,No
898,DEDURU CHAMBERS,2 in 1,7700,12,Yes,Yes,Yes,Yes,No
898,DEDURU CHAMBERS,1 in 1,6700,12,Yes,Yes,Yes,Yes,No
899,BOADI JUNCTION,4 in 1,6000,12,No,Yes,No,Yes,No
899,BOADI JUNCTION,3 in 1,6400,12,No,Yes,No,Yes,No
899,BOADI JUNCTION,1 in 1,8000,12,No,Yes,No,Yes,No
900,SUNSET CHAMBERS,2 in 1,5400,55,Yes,Yes,Yes,No,No
900,SUNSET CHAMBERS,1 in 1,8900,55,Yes,Yes,Yes,No,No
900,SUNSET CHAMBERS,4 in 1,4700,55,Yes,Yes,Yes,No,No
900,SUNSET CHAMBERS,3 in 1,5000,55,Yes,Yes,Yes,No,No
901,BOADI CHAMBERS,1 in 1,6000,30,Yes,No,No,Yes,No
901,BOADI CHAMBERS,4 in 1,5500,30,Yes,No,No,Yes,No
901,BOADI CHAMBERS,2 in 1,9800,30,Yes,No,No,Yes,No
902,FAITH VIEW,1 in 1,9800,11,Yes,Yes,No,Yes,No
902,FAITH VIEW,4 in 1,4800,11,Yes,Yes,No,Yes,No
903,DIAMOND APARTMENTS,3 in 1,5800,55,Yes,Yes,No,No,No
903,DIAMOND APARTMENTS,2 in 1,8200,55,Yes,Yes,No,No,No
904,KENTINKRONO VILLAGE,4 in 1,4000,50,Yes,No,Yes,Yes,No
904,KENTINKRONO VILLAGE,2 in 1,8000,50,Yes,No,Yes,Yes,No
905,RUBY JUNCTION,1 in 1,9100,40,Yes,Yes,Yes,No,No
905,RUBY JUNCTION,2 in 1,9200,40,Yes,Yes,Yes,No,No
906,MAYFAIR LODGE,3 in 1,6500,35,No,Yes,No,No,No
906,MAYFAIR LODGE,4 in 1,5200,35,No,Yes,No,No,No
907,PRIME POINT,2 in 1,6300,14,Yes,Yes,Yes,No,Yes
907,PRIME POINT,3 in 1,5500,14,Yes,Yes,Yes,No,Yes
908,GOLD ANNEX,4 in 1,5200,30,Yes,Yes,Yes,No,Yes
908,GOLD ANNEX,2 in 1,8000,30,Yes,Yes,Yes,No,Yes
909,SUNRISE SUITES,2 in 1,8800,10,Yes,Yes,Yes,No,No
909,SUNRISE SUITES,1 in 1,7600,10,Yes,Yes,Yes,No,No
909,SUNRISE SUITES,3 in 1,8800,10,Yes,Yes,Yes,No,No
909,SUNRISE SUITES,4 in 1,5100,10,Yes,Yes,Yes,No,No
910,VICTORY VIEW,3 in 1,6600,55,No,No,Yes,Yes,No
910,VICTORY VIEW,2 in 1,6500,55,No,No,Yes,Yes,No
910,VICTORY VIEW,1 in 1,6100,55,No,No,Yes,Yes,No
910,VICTORY VIEW,4 in 1,6800,55,No,No,Yes,Yes,No
911,PRIME LODGE HOSTEL,1 in 1,9100,8,Yes,Yes,No,Yes,No
911,PRIME LODGE HOSTEL,3 in 1,6300,8,Yes,Yes,No,Yes,No
912,OXFORD GARDENS,2 in 1,7600,9,Yes,No,Yes,No,No
912,OXFORD GARDENS,4 in 1,6300,9,Yes,No,Yes,No,No
912,OXFORD GARDENS,1 in 1,6900,9,Yes,No,Yes,No,No
912,OXFORD GARDENS,3 in 1,5900,9,Yes,No,Yes,No,No
913,VALLEY PLAZA,4 in 1,6700,10,No,No,Yes,No,Yes
913,VALLEY PLAZA,3 in 1,4800,10,No,No,Yes,No,Yes
914,OFORIKROM MANOR,3 in 1,7100,14,Yes,Yes,Yes,Yes,No
914,OFORIKROM MANOR,2 in 1,5700,14,Yes,Yes,Yes,Yes,No
914,OFORIKROM MANOR,4 in 1,6200,14,Yes,Yes,Yes,Yes,No
915,ATLANTIC TOWERS,1 in 1,8400,8,Yes,Yes,Yes,Yes,Yes
915,ATLANTIC TOWERS,4 in 1,3100,8,Yes,Yes,Yes,Yes,Yes
916,PEARL LODGE HOSTEL,1 in 1,9500,10,Yes,Yes,No,Yes,No
916,PEARL LODGE HOSTEL,4 in 1,4400,10,Yes,Yes,No,Yes,No
917,PRIME ANNEX,1 in 1,7600,4,No,No,Yes,No,No
917,PRIME ANNEX,4 in 1,5800,4,No,No,Yes,No,No
918,SUNSET INN,4 in 1,7200,7,Yes,Yes,No,No,Yes
918,SUNSET INN,3 in 1,5200,7,Yes,Yes,No,No,Yes
918,SUNSET INN,2 in 1,7600,7,Yes,Yes,No,No,Yes
919,OPAL CORNER,3 in 1,7300,8,Yes,No,Yes,No,No
919,OPAL CORNER,1 in 1,9100,8,Yes,No,Yes,No,No
919,OPAL CORNER,2 in 1,7800,8,Yes,No,Yes,No,No
920,KOTEI VIEW,1 in 1,8100,35,Yes,No,No,Yes,No
920,KOTEI VIEW,4 in 1,4300,35,Yes,No,No,Yes,No
920,KOTEI VIEW,3 in 1,6800,35,Yes,No,No,Yes,No
921,COMFORT HOSTEL,1 in 1,7400,55,Yes,Yes,Yes,No,Yes
921,COMFORT HOSTEL,2 in 1,5000,55,Yes,Yes,Yes,No,Yes
922,GARDEN HEIGHTS,4 in 1,6200,40,Yes,Yes,Yes,No,No
922,GARDEN HEIGHTS,2 in 1,8800,40,Yes,Yes,Yes,No,No
923,IMPERIAL LODGE HOSTEL,3 in 1,4000,12,No,No,No,No,Yes
923,IMPERIAL LODGE HOSTEL,4 in 1,4000,12,No,No,No,No,Yes
924,ELITE COURT,3 in 1,7600,4,Yes,Yes,Yes,Yes,No
924,ELITE COURT,1 in 1,9800,4,Yes,Yes,Yes,Yes,No
924,ELITE COURT,4 in 1,5500,4,Yes,Yes,Yes,Yes,No
925,SAPPHIRE APARTMENTS,2 in 1,6500,13,Yes,Yes,Yes,No,No
925,SAPPHIRE APARTMENTS,3 in 1,6400,13,Yes,Yes,Yes,No,No
926,KENTINKRONO VILLA,2 in 1,9400,50,Yes,Yes,Yes,No,Yes
926,KENTINKRONO VILLA,3 in 1,5700,50,Yes,Yes,Yes,No,Yes
927,NOBLE HAVEN,4 in 1,4300,50,Yes,Yes,Yes,No,No
927,NOBLE HAVEN,3 in 1,6000,50,Yes,Yes,Yes,No,No
927,NOBLE HAVEN,1 in 1,7500,50,Yes,Yes,Yes,No,No
927,NOBLE HAVEN,2 in 1,7700,50,Yes,Yes,Yes,No,No
928,EAGLE VILLAGE,4 in 1,7900,6,Yes,No,Yes,Yes,Yes
928,EAGLE VILLAGE,1 in 1,8700,6,Yes,No,Yes,Yes,Yes
929,ATLANTIC VILLA,4 in 1,5100,20,Yes,No,Yes,Yes,Yes
929,ATLANTIC VILLA,3 in 1,6200,20,Yes,No,Yes,Yes,Yes
929,ATLANTIC VILLA,2 in 1,5400,20,Yes,No,Yes,Yes,Yes
929,ATLANTIC VILLA,1 in 1,9300,20,Yes,No,Yes,Yes,Yes
930,ATLANTIC JUNCTION,4 in 1,5400,12,Yes,No,Yes,No,No
930,ATLANTIC JUNCTION,2 in 1,7300,12,Yes,No,Yes,No,No
930,ATLANTIC JUNCTION,3 in 1,9500,12,Yes,No,Yes,No,No
930,ATLANTIC JUNCTION,1 in 1,8700,12,Yes,No,Yes,No,No
931,NORTHERN PLAZA,4 in 1,4400,12,Yes,Yes,No,Yes,No
931,NORTHERN PLAZA,3 in 1,6000,12,Yes,Yes,No,Yes,No
932,CRYSTAL VIEW,2 in 1,9100,8,Yes,Yes,Yes,Yes,No
932,CRYSTAL VIEW,4 in 1,5700,8,Yes,Yes,Yes,Yes,No
932,CRYSTAL VIEW,3 in 1,4600,8,Yes,Yes,Yes,Yes,No
933,PALM VILLA,4 in 1,6900,9,Yes,Yes,Yes,No,No
933,PALM VILLA,2 in 1,6600,9,Yes,Yes,Yes,No,No
933,PALM VILLA,1 in 1,9800,9,Yes,Yes,Yes,No,No
933,PALM VILLA,3 in 1,8200,9,Yes,Yes,Yes,No,No
934,BRONZE VILLA,2 in 1,6900,14,Yes,Yes,No,No,No
934,BRONZE VILLA,4 in 1,7400,14,Yes,Yes,No,No,No
934,BRONZE VILLA,1 in 1,8500,14,Yes,Yes,No,No,No
935,MAYFAIR HEIGHTS,2 in 1,8700,13,Yes,No,Yes,No,Yes
935,MAYFAIR HEIGHTS,4 in 1,6200,13,Yes,No,Yes,No,Yes
935,MAYFAIR HEIGHTS,1 in 1,7600,13,Yes,No,Yes,No,Yes
935,MAYFAIR HEIGHTS,3 in 1,5700,13,Yes,No,Yes,No,Yes
936,SPRING HEIGHTS,2 in 1,9000,8,Yes,No,Yes,No,Yes
936,SPRING HEIGHTS,1 in 1,8100,8,Yes,No,Yes,No,Yes
937,DIAMOND MANOR,2 in 1,7000,6,Yes,No,Yes,No,Yes
937,DIAMOND MANOR,1 in 1,7500,6,Yes,No,Yes,No,Yes
938,PACIFIC SUITES,2 in 1,8100,14,Yes,No,No,No,Yes
938,PACIFIC SUITES,1 in 1,9800,14,Yes,No,No,No,Yes
939,BRONZE GARDENS,1 in 1,7400,55,Yes,Yes,Yes,No,No
939,BRONZE GARDENS,3 in 1,6700,55,Yes,Yes,Yes,No,No
939,BRONZE GARDENS,2 in 1,9500,55,Yes,Yes,Yes,No,No
939,BRONZE GARDENS,4 in 1,5400,55,Yes,Yes,Yes,No,No
940,ATLANTIC LODGE,3 in 1,7300,8,Yes,No,Yes,Yes,Yes
940,ATLANTIC LODGE,2 in 1,6100,8,Yes,No,Yes,Yes,Yes
941,PALM ESTATE,1 in 1,8800,30,Yes,Yes,Yes,No,Yes
941,PALM ESTATE,3 in 1,6400,30,Yes,Yes,Yes,No,Yes
942,GLOBAL SUITES,4 in 1,7000,110,Yes,Yes,Yes,No,Yes
942,GLOBAL SUITES,1 in 1,9600,110,Yes,Yes,Yes,No,Yes
943,OPAL HEIGHTS,3 in 1,9500,11,Yes,Yes,Yes,No,No
943,OPAL HEIGHTS,2 in 1,8300,11,Yes,Yes,Yes,No,No
944,PACIFIC HEIGHTS,1 in 1,8700,70,No,Yes,No,No,No
944,PACIFIC HEIGHTS,4 in 1,5800,70,No,Yes,No,No,No
945,HOPE HOSTEL,1 in 1,8100,9,Yes,Yes,Yes,No,No
945,HOPE HOSTEL,3 in 1,7200,9,Yes,Yes,Yes,No,No
945,HOPE HOSTEL,2 in 1,7100,9,Yes,Yes,Yes,No,No
946,CLASSIC VILLAGE,1 in 1,8600,11,Yes,Yes,Yes,No,No
946,CLASSIC VILLAGE,2 in 1,9400,11,Yes,Yes,Yes,No,No
947,EMENA PARK,3 in 1,5200,10,Yes,No,Yes,No,Yes
947,EMENA PARK,4 in 1,7200,10,Yes,No,Yes,No,Yes
947,EMENA PARK,1 in 1,9700,10,Yes,No,Yes,No,Yes
948,BOMSO COMPLEX,4 in 1,5300,80,No,No,No,Yes,No
948,BOMSO COMPLEX,2 in 1,5000,80,No,No,No,Yes,No
949,REGAL COURT,1 in 1,7800,10,Yes,No,Yes,Yes,No
949,REGAL COURT,4 in 1,7400,10,Yes,No,Yes,Yes,No
949,REGAL COURT,2 in 1,7500,10,Yes,No,Yes,Yes,No
950,JADE PLAZA,2 in 1,6200,7,Yes,Yes,Yes,Yes,Yes
950,JADE PLAZA,1 in 1,7900,7,Yes,Yes,Yes,Yes,Yes
950,JADE PLAZA,4 in 1,6800,7,Yes,Yes,Yes,Yes,Yes
950,JADE PLAZA,3 in 1,7500,7,Yes,Yes,Yes,Yes,Yes
951,COMFORT JUNCTION,1 in 1,8200,6,Yes,No,Yes,Yes,Yes
951,COMFORT JUNCTION,3 in 1,6100,6,Yes,No,Yes,Yes,Yes
951,COMFORT JUNCTION,2 in 1,7000,6,Yes,No,Yes,Yes,Yes
952,EJISU ROAD MANSION,4 in 1,4100,8,Yes,No,Yes,No,Yes
952,EJISU ROAD MANSION,3 in 1,9000,8,Yes,No,Yes,No,Yes
953,FAIRVIEW HEIGHTS,4 in 1,5000,11,No,No,No,Yes,No
953,FAIRVIEW HEIGHTS,3 in 1,8400,11,No,No,No,Yes,No
953,FAIRVIEW HEIGHTS,1 in 1,9800,11,No,No,No,Yes,No
954,AYEDUASE SUITES,2 in 1,8900,40,No,Yes,Yes,No,Yes
954,AYEDUASE SUITES,3 in 1,6000,40,No,Yes,Yes,No,Yes
955,RIVERSIDE CORNER,2 in 1,8100,110,Yes,Yes,No,No,No
955,RIVERSIDE CORNER,1 in 1,8400,110,Yes,Yes,No,No,No
955,RIVERSIDE CORNER,3 in 1,5400,110,Yes,Yes,No,No,No
955,RIVERSIDE CORNER,4 in 1,6000,110,Yes,Yes,No,No,No
956,FAITH VILLAGE,1 in 1,7300,45,Yes,No,Yes,No,No
956,FAITH VILLAGE,4 in 1,7300,45,Yes,No,Yes,No,No
957,AYIGYA POINT,3 in 1,6000,9,Yes,No,Yes,Yes,Yes
957,AYIGYA POINT,2 in 1,7800,9,Yes,No,Yes,Yes,Yes
958,EAGLE CHAMBERS,1 in 1,8700,6,Yes,Yes,Yes,No,Yes
958,EAGLE CHAMBERS,2 in 1,7200,6,Yes,Yes,Yes,No,Yes
959,IMPERIAL OASIS,4 in 1,6400,12,Yes,Yes,Yes,No,No
959,IMPERIAL OASIS,3 in 1,6000,12,Yes,Yes,Yes,No,No
959,IMPERIAL OASIS,1 in 1,9200,12,Yes,Yes,Yes,No,No
959,IMPERIAL OASIS,2 in 1,5700,12,Yes,Yes,Yes,No,No
960,STAR VILLA,2 in 1,7700,80,Yes,No,Yes,Yes,No
960,STAR VILLA,1 in 1,9800,80,Yes,No,Yes,Yes,No
960,STAR VILLA,4 in 1,4000,80,Yes,No,Yes,Yes,No
960,STAR VILLA,3 in 1,5700,80,Yes,No,Yes,Yes,No
961,DEDURU PLACE,1 in 1,8900,10,Yes,No,Yes,Yes,No
961,DEDURU PLACE,4 in 1,5800,10,Yes,No,Yes,Yes,No
961,DEDURU PLACE,3 in 1,7200,10,Yes,No,Yes,Yes,No
962,KRONUM PARK,2 in 1,8200,30,Yes,Yes,No,Yes,Yes
962,KRONUM PARK,4 in 1,6400,30,Yes,Yes,No,Yes,Yes
962,KRONUM PARK,1 in 1,9500,30,Yes,Yes,No,Yes,Yes
962,KRONUM PARK,3 in 1,7300,30,Yes,Yes,No,Yes,Yes
963,PHOENIX PARK,3 in 1,6300,9,No,Yes,No,No,No
963,PHOENIX PARK,2 in 1,8500,9,No,Yes,No,No,No
963,PHOENIX PARK,4 in 1,8300,9,No,Yes,No,No,No
963,PHOENIX PARK,1 in 1,8300,9,No,Yes,No,No,No
964,SUSUANSO HEIGHTS,2 in 1,6200,11,Yes,Yes,Yes,Yes,Yes
964,SUSUANSO HEIGHTS,1 in 1,9500,11,Yes,Yes,Yes,Yes,Yes
965,OXFORD LODGE HOSTEL,3 in 1,6500,20,No,Yes,No,No,No
965,OXFORD LODGE HOSTEL,4 in 1,2600,20,No,Yes,No,No,No
966,KENTINKRONO HALL,2 in 1,8700,11,Yes,No,Yes,No,No
966,KENTINKRONO HALL,3 in 1,5900,11,Yes,No,Yes,No,No
966,KENTINKRONO HALL,1 in 1,8300,11,Yes,No,Yes,No,No
967,AMBER VILLA,1 in 1,8700,10,Yes,No,Yes,Yes,Yes
967,AMBER VILLA,2 in 1,7800,10,Yes,No,Yes,Yes,Yes
967,AMBER VILLA,4 in 1,6600,10,Yes,No,Yes,Yes,Yes
968,KRONUM TOWERS,3 in 1,6000,4,Yes,Yes,No,Yes,No
968,KRONUM TOWERS,1 in 1,8900,4,Yes,Yes,No,Yes,No
969,OXFORD MANSION,1 in 1,8200,40,Yes,Yes,Yes,Yes,Yes
969,OXFORD MANSION,4 in 1,6600,40,Yes,Yes,Yes,Yes,Yes
969,OXFORD MANSION,2 in 1,8400,40,Yes,Yes,Yes,Yes,Yes
970,BOMSO CHAMBERS,3 in 1,5300,14,Yes,Yes,Yes,No,Yes
970,BOMSO CHAMBERS,1 in 1,9500,14,Yes,Yes,Yes,No,Yes
971,MEADOW HEIGHTS,4 in 1,4700,11,Yes,Yes,No,No,No
971,MEADOW HEIGHTS,1 in 1,9200,11,Yes,Yes,No,No,No
972,DEDURU VILLAGE,1 in 1,8800,11,Yes,No,Yes,No,No
972,DEDURU VILLAGE,2 in 1,9800,11,Yes,No,Yes,No,No
973,PLATINUM VIEW,1 in 1,8200,15,Yes,No,Yes,Yes,No
973,PLATINUM VIEW,4 in 1,5000,15,Yes,No,Yes,Yes,No
973,PLATINUM VIEW,3 in 1,6600,15,Yes,No,Yes,Yes,No
973,PLATINUM VIEW,2 in 1,7100,15,Yes,No,Yes,Yes,No
974,BRONZE RESIDENCE,1 in 1,9200,9,No,Yes,No,Yes,No
974,BRONZE RESIDENCE,4 in 1,3100,9,No,Yes,No,Yes,No
974,BRONZE RESIDENCE,3 in 1,5100,9,No,Yes,No,Yes,No
974,BRONZE RESIDENCE,2 in 1,6100,9,No,Yes,No,Yes,No
975,SOUTHERN HEIGHTS,2 in 1,8800,14,Yes,No,Yes,Yes,No
975,SOUTHERN HEIGHTS,1 in 1,9800,14,Yes,No,Yes,Yes,No
976,NATIONAL HAVEN,3 in 1,6500,9,No,Yes,Yes,No,Yes
976,NATIONAL HAVEN,4 in 1,5300,9,No,Yes,Yes,No,Yes
976,NATIONAL HAVEN,2 in 1,7600,9,No,Yes,Yes,No,Yes
977,BOADI INN,3 in 1,8300,6,No,Yes,Yes,Yes,No
977,BOADI INN,1 in 1,7500,6,No,Yes,Yes,Yes,No
977,BOADI INN,2 in 1,7900,6,No,Yes,Yes,Yes,No
977,BOADI INN,4 in 1,7000,6,No,Yes,Yes,Yes,No
978,EMERALD RESIDENCE,3 in 1,7400,15,Yes,Yes,Yes,Yes,No
978,EMERALD RESIDENCE,1 in 1,8600,15,Yes,Yes,Yes,Yes,No
978,EMERALD RESIDENCE,4 in 1,7000,15,Yes,Yes,Yes,Yes,No
978,EMERALD RESIDENCE,2 in 1,5000,15,Yes,Yes,Yes,Yes,No
979,KENTINKRONO JUNCTION,1 in 1,9100,4,Yes,Yes,Yes,Yes,Yes
979,KENTINKRONO JUNCTION,3 in 1,5700,4,Yes,Yes,Yes,Yes,Yes
979,KENTINKRONO JUNCTION,2 in 1,5000,4,Yes,Yes,Yes,Yes,Yes
980,GOLD TOWERS,2 in 1,8200,20,Yes,No,Yes,Yes,Yes
980,GOLD TOWERS,4 in 1,7600,20,Yes,No,Yes,Yes,Yes
980,GOLD TOWERS,1 in 1,8300,20,Yes,No,Yes,Yes,Yes
980,GOLD TOWERS,3 in 1,8000,20,Yes,No,Yes,Yes,Yes
981,GLOBAL APARTMENTS,3 in 1,9000,35,Yes,Yes,No,Yes,Yes
981,GLOBAL APARTMENTS,2 in 1,9300,35,Yes,Yes,No,Yes,Yes
981,GLOBAL APARTMENTS,1 in 1,9800,35,Yes,Yes,No,Yes,Yes
981,GLOBAL APARTMENTS,4 in 1,6600,35,Yes,Yes,No,Yes,Yes
982,STONE HALL,2 in 1,7600,6,No,Yes,Yes,Yes,Yes
982,STONE HALL,1 in 1,6900,6,No,Yes,Yes,Yes,Yes
983,EASTERN VILLAGE,2 in 1,7200,35,Yes,Yes,Yes,Yes,No
983,EASTERN VILLAGE,4 in 1,4200,35,Yes,Yes,Yes,Yes,No
983,EASTERN VILLAGE,1 in 1,9800,35,Yes,Yes,Yes,Yes,No
984,WOODLAND HOSTEL,2 in 1,7300,12,No,Yes,No,Yes,No
984,WOODLAND HOSTEL,4 in 1,5700,12,No,Yes,No,Yes,No
984,WOODLAND HOSTEL,1 in 1,8900,12,No,Yes,No,Yes,No
984,WOODLAND HOSTEL,3 in 1,6700,12,No,Yes,No,Yes,No
985,FAMILY HOMES,2 in 1,9800,6,Yes,Yes,Yes,No,No
985,FAMILY HOMES,3 in 1,5800,6,Yes,Yes,Yes,No,No
986,SUNSET GATE,4 in 1,5800,13,Yes,Yes,No,Yes,Yes
986,SUNSET GATE,2 in 1,6500,13,Yes,Yes,No,Yes,Yes
986,SUNSET GATE,3 in 1,4700,13,Yes,Yes,No,Yes,Yes
987,ATLANTIC PARK,3 in 1,5800,10,No,Yes,No,Yes,No
987,ATLANTIC PARK,1 in 1,8400,10,No,Yes,No,Yes,No
987,ATLANTIC PARK,4 in 1,4900,10,No,Yes,No,Yes,No
988,TRIUMPH VILLA,1 in 1,7700,40,No,Yes,Yes,Yes,No
988,TRIUMPH VILLA,3 in 1,4600,40,No,Yes,Yes,Yes,No
989,KRONUM COMPLEX,2 in 1,7400,12,Yes,No,Yes,No,No
989,KRONUM COMPLEX,3 in 1,4500,12,Yes,No,Yes,No,No
990,EMENA HAVEN,1 in 1,9100,8,Yes,No,No,No,No
990,EMENA HAVEN,2 in 1,7700,8,Yes,No,No,No,No
991,ASHFORD HOSTEL,4 in 1,3300,45,Yes,Yes,No,Yes,Yes
991,ASHFORD HOSTEL,1 in 1,8100,45,Yes,Yes,No,Yes,Yes
991,ASHFORD HOSTEL,2 in 1,6500,45,Yes,Yes,No,Yes,Yes
992,OFORIKROM HOMES,2 in 1,8000,7,Yes,Yes,Yes,No,Yes
992,OFORIKROM HOMES,4 in 1,7500,7,Yes,Yes,Yes,No,Yes
992,OFORIKROM HOMES,3 in 1,4000,7,Yes,Yes,Yes,No,Yes
993,GLORY SUITES,2 in 1,7700,8,No,Yes,No,Yes,Yes
993,GLORY SUITES,1 in 1,8300,8,No,Yes,No,Yes,Yes
994,MEADOW PARK,1 in 1,9100,4,Yes,Yes,Yes,No,No
994,MEADOW PARK,2 in 1,7800,4,Yes,Yes,Yes,No,No
995,CAMBRIDGE APARTMENTS,2 in 1,6500,14,No,No,No,Yes,No
995,CAMBRIDGE APARTMENTS,1 in 1,8100,14,No,No,No,Yes,No
996,SPRING LODGE,4 in 1,4300,11,No,Yes,No,No,Yes
996,SPRING LODGE,3 in 1,8200,11,No,Yes,No,No,Yes
997,OFORIKROM TOWERS,4 in 1,5500,5,Yes,Yes,Yes,No,No
997,OFORIKROM TOWERS,1 in 1,9800,5,Yes,Yes,Yes,No,No
997,OFORIKROM TOWERS,2 in 1,7500,5,Yes,Yes,Yes,No,No
998,PHOENIX MANOR,4 in 1,4400,40,Yes,No,Yes,No,No
998,PHOENIX MANOR,3 in 1,4500,40,Yes,No,Yes,No,No
998,PHOENIX MANOR,2 in 1,5100,40,Yes,No,Yes,No,No
998,PHOENIX MANOR,1 in 1,6900,40,Yes,No,Yes,No,No
999,GLORY TOWERS,1 in 1,8700,5,Yes,No,No,Yes,Yes
999,GLORY TOWERS,3 in 1,7400,5,Yes,No,No,Yes,Yes
999,GLORY TOWERS,4 in 1,3100,5,Yes,No,No,Yes,Yes
999,GLORY TOWERS,2 in 1,8800,5,Yes,No,No,Yes,Yes
1000,FAITH TOWERS,1 in 1,7900,15,Yes,Yes,Yes,No,No
1000,FAITH TOWERS,4 in 1,5700,15,Yes,Yes,Yes,No,No
1000,FAITH TOWERS,2 in 1,9800,15,Yes,Yes,Yes,No,No
1000,FAITH TOWERS,3 in 1,8000,15,Yes,Yes,Yes,No,No
